country,submarket,year,list_type,brand,weekly_reach_pct,outlet_id,domain,notes,source,brand_type,is_aggregator,domain_valid_from,domain_valid_to,sample_type,fieldwork_start,fieldwork_end,sample_size,human_checked
CHE,french-speaking,2026,offline,RTS News (public broadcaster),63,che_rts,rts.ch,Chart also reports RTS TV News 48% and RTS Radio News 32% separately.,"DNR 2026, p. 117",outlet,FALSE,,,national,2026-01,2026-02,2051,
CHE,french-speaking,2026,offline,French commercial TV news,28,cat_fr_commercial_tv,,Aggregate category label. DNR alternates 'private' and 'commercial' wording across years for this item.,"DNR 2026, p. 117",category,FALSE,,,national,2026-01,2026-02,2051,
CHE,french-speaking,2026,offline,French public TV news,23,cat_fr_public_tv,,"Aggregate category label in the DNR chart, not an identifiable outlet. No domain.","DNR 2026, p. 117",category,FALSE,,,national,2026-01,2026-02,2051,
CHE,french-speaking,2026,offline,24 heures,23,che_24heures,24heures.ch,,"DNR 2026, p. 117",outlet,FALSE,,,national,2026-01,2026-02,2051,
CHE,french-speaking,2026,offline,Other regional or local newspapers,20,cat_regional_local_press,,"Aggregate category label in the DNR chart, not an identifiable outlet. No domain.","DNR 2026, p. 117",category,FALSE,,,national,2026-01,2026-02,2051,
CHE,french-speaking,2026,offline,Le Temps,16,che_letemps,letemps.ch,,"DNR 2026, p. 117",outlet,FALSE,,,national,2026-01,2026-02,2051,
CHE,french-speaking,2026,offline,Commercial radio news,16,cat_commercial_radio,,Aggregate category label. DNR alternates 'private' and 'commercial' wording across years for this item.,"DNR 2026, p. 117",category,FALSE,,,national,2026-01,2026-02,2051,
CHE,french-speaking,2026,offline,Le Matin Dimanche,13,che_lematindimanche,lematin.ch,UNVERIFIED DOMAIN: lematindimanche.ch serves an e-paper portal only. Recorded lematin.ch as the likely article domain - confirm.,"DNR 2026, p. 117",outlet,FALSE,,,national,2026-01,2026-02,2051,
CHE,french-speaking,2026,offline,Tribune de Genève,11,che_tdg,tdg.ch,,"DNR 2026, p. 117",outlet,FALSE,,,national,2026-01,2026-02,2051,
CHE,french-speaking,2026,offline,Le Nouvelliste,11,che_nouvelliste,lenouvelliste.ch,,"DNR 2026, p. 117",outlet,FALSE,,,national,2026-01,2026-02,2051,
CHE,french-speaking,2026,offline,CNN,10,usa_cnn,cnn.com,Foreign outlet appearing in the Swiss list.,"DNR 2026, p. 117",foreign,FALSE,,,national,2026-01,2026-02,2051,
CHE,french-speaking,2026,offline,Commercial TV news,10,cat_commercial_tv,,Aggregate category label for Swiss commercial/private TV news. Wording varies by year ('Other commercial news (e.g. Tele Zuri)' -> 'Other commercial TV' -> 'Private TV news' -> 'Commercial TV news'); treated as one item.,"DNR 2026, p. 117",category,FALSE,,,national,2026-01,2026-02,2051,
CHE,french-speaking,2026,online,20 Minutes online,51,che_20min_fr,20min.ch,,"DNR 2026, p. 117",outlet,FALSE,,,national,2026-01,2026-02,2051,
CHE,french-speaking,2026,online,RTS News online,35,che_rts,rts.ch,,"DNR 2026, p. 117",outlet,FALSE,,,national,2026-01,2026-02,2051,
CHE,french-speaking,2026,online,Blick online,19,che_blick,blick.ch,,"DNR 2026, p. 117",outlet,FALSE,,,national,2026-01,2026-02,2051,
CHE,french-speaking,2026,online,24 heures online,18,che_24heures,24heures.ch,,"DNR 2026, p. 117",outlet,FALSE,,,national,2026-01,2026-02,2051,
CHE,french-speaking,2026,online,Blue News,16,che_bluenews,bluewin.ch,"Swisscom portal. Branded Bluewin, later Blue News; bluenews.ch redirects to bluewin.ch, where the articles live.","DNR 2026, p. 117",aggregator,TRUE,,,national,2026-01,2026-02,2051,
CHE,french-speaking,2026,online,Le Matin online,16,che_lematin,lematin.ch,,"DNR 2026, p. 117",outlet,FALSE,,,national,2026-01,2026-02,2051,
CHE,french-speaking,2026,online,Teletext online,13,che_teletext,teletext.ch,Republishes agency copy rather than producing original reporting.,"DNR 2026, p. 117",aggregator,TRUE,,,national,2026-01,2026-02,2051,
CHE,french-speaking,2026,online,Watson,13,che_watson,watson.ch,,"DNR 2026, p. 117",outlet,FALSE,,,national,2026-01,2026-02,2051,
CHE,french-speaking,2026,online,Le Temps online,11,che_letemps,letemps.ch,,"DNR 2026, p. 117",outlet,FALSE,,,national,2026-01,2026-02,2051,
CHE,french-speaking,2026,online,Yahoo! News,10,usa_yahoo,yahoo.com,"News aggregator, foreign-owned.","DNR 2026, p. 117",aggregator,TRUE,,,national,2026-01,2026-02,2051,
CHE,french-speaking,2026,online,BBC News online,10,gbr_bbc,bbc.co.uk,Foreign outlet appearing in the Swiss list.,"DNR 2026, p. 117",foreign,FALSE,,,national,2026-01,2026-02,2051,
CHE,french-speaking,2026,online,Tribune de Genève online,10,che_tdg,tdg.ch,,"DNR 2026, p. 117",outlet,FALSE,,,national,2026-01,2026-02,2051,
CHE,german-speaking,2026,offline,SRF News (public broadcaster),57,che_srf,srf.ch,Chart also reports SRF TV News 38% and SRF Radio News 36% separately.,"DNR 2026, p. 117",outlet,FALSE,,,national,2026-01,2026-02,2051,
CHE,german-speaking,2026,offline,German public TV news,21,cat_de_public_tv,,"Aggregate category label in the DNR chart, not an identifiable outlet. No domain.","DNR 2026, p. 117",category,FALSE,,,national,2026-01,2026-02,2051,
CHE,german-speaking,2026,offline,Commercial TV news,21,cat_commercial_tv,,Aggregate category label for Swiss commercial/private TV news. Wording varies by year ('Other commercial news (e.g. Tele Zuri)' -> 'Other commercial TV' -> 'Private TV news' -> 'Commercial TV news'); treated as one item.,"DNR 2026, p. 117",category,FALSE,,,national,2026-01,2026-02,2051,
CHE,german-speaking,2026,offline,German commercial TV news,20,cat_de_commercial_tv,,Aggregate category label. DNR alternates 'private' and 'commercial' wording across years for this item.,"DNR 2026, p. 117",category,FALSE,,,national,2026-01,2026-02,2051,
CHE,german-speaking,2026,offline,Blick,19,che_blick,blick.ch,,"DNR 2026, p. 117",outlet,FALSE,,,national,2026-01,2026-02,2051,
CHE,german-speaking,2026,offline,Other regional or local newspapers,17,cat_regional_local_press,,"Aggregate category label in the DNR chart, not an identifiable outlet. No domain.","DNR 2026, p. 117",category,FALSE,,,national,2026-01,2026-02,2051,
CHE,german-speaking,2026,offline,Commercial radio news,15,cat_commercial_radio,,Aggregate category label. DNR alternates 'private' and 'commercial' wording across years for this item.,"DNR 2026, p. 117",category,FALSE,,,national,2026-01,2026-02,2051,
CHE,german-speaking,2026,offline,Tages-Anzeiger,10,che_tagesanzeiger,tagesanzeiger.ch,,"DNR 2026, p. 117",outlet,FALSE,,,national,2026-01,2026-02,2051,
CHE,german-speaking,2026,offline,CNN,9,usa_cnn,cnn.com,Foreign outlet appearing in the Swiss list.,"DNR 2026, p. 117",foreign,FALSE,,,national,2026-01,2026-02,2051,
CHE,german-speaking,2026,offline,BBC News,9,gbr_bbc,bbc.co.uk,Foreign outlet appearing in the Swiss list.,"DNR 2026, p. 117",foreign,FALSE,,,national,2026-01,2026-02,2051,
CHE,german-speaking,2026,offline,SonntagsZeitung,8,che_sonntagszeitung,sonntagszeitung.ch,"sonntagszeitung.ch was a live publishing domain in the early years (73,000+ archived pages); its 2018 archived homepage is titled 'News SonntagsZeitung - tagesanzeiger.ch', i.e. articles were served under Tages-Anzeiger's domain. By 2026 the domain serves an e-paper portal only. TX Group title. UNVERIFIED DOMAIN: which host to fetch articles from per year is unresolved - see domain_evidence_switzerland.tsv.","DNR 2026, p. 117",outlet,FALSE,,,national,2026-01,2026-02,2051,
CHE,german-speaking,2026,offline,SonntagsBlick,7,che_sonntagsblick,blick.ch,sonntagsblick.ch redirects to blick.ch; no separate article domain.,"DNR 2026, p. 117",outlet,FALSE,,,national,2026-01,2026-02,2051,
CHE,german-speaking,2026,online,20 Minuten online,46,che_20min_de,20min.ch,,"DNR 2026, p. 117",outlet,FALSE,,,national,2026-01,2026-02,2051,
CHE,german-speaking,2026,online,SRF News online,32,che_srf,srf.ch,,"DNR 2026, p. 117",outlet,FALSE,,,national,2026-01,2026-02,2051,
CHE,german-speaking,2026,online,Blick online,31,che_blick,blick.ch,,"DNR 2026, p. 117",outlet,FALSE,,,national,2026-01,2026-02,2051,
CHE,german-speaking,2026,online,Watson,21,che_watson,watson.ch,,"DNR 2026, p. 117",outlet,FALSE,,,national,2026-01,2026-02,2051,
CHE,german-speaking,2026,online,Blue News,17,che_bluenews,bluewin.ch,"Swisscom portal. Branded Bluewin, later Blue News; bluenews.ch redirects to bluewin.ch, where the articles live.","DNR 2026, p. 117",aggregator,TRUE,,,national,2026-01,2026-02,2051,
CHE,german-speaking,2026,online,nau.ch,12,che_nau,nau.ch,,"DNR 2026, p. 117",outlet,FALSE,,,national,2026-01,2026-02,2051,
CHE,german-speaking,2026,online,Teletext online,11,che_teletext,teletext.ch,Republishes agency copy rather than producing original reporting.,"DNR 2026, p. 117",aggregator,TRUE,,,national,2026-01,2026-02,2051,
CHE,german-speaking,2026,online,BBC News online,10,gbr_bbc,bbc.co.uk,Foreign outlet appearing in the Swiss list.,"DNR 2026, p. 117",foreign,FALSE,,,national,2026-01,2026-02,2051,
CHE,german-speaking,2026,online,NZZ online,10,che_nzz,nzz.ch,,"DNR 2026, p. 117",outlet,FALSE,,,national,2026-01,2026-02,2051,
CHE,german-speaking,2026,online,Tages-Anzeiger online,10,che_tagesanzeiger,tagesanzeiger.ch,,"DNR 2026, p. 117",outlet,FALSE,,,national,2026-01,2026-02,2051,
CHE,german-speaking,2026,online,CNN.com,9,usa_cnn,cnn.com,Foreign outlet appearing in the Swiss list.,"DNR 2026, p. 117",foreign,FALSE,,,national,2026-01,2026-02,2051,
CHE,german-speaking,2026,online,GMX,9,deu_gmx,gmx.ch,Email portal with a news feed. German-owned (United Internet); gmx.ch is the Swiss domain.,"DNR 2026, p. 117",aggregator,TRUE,,,national,2026-01,2026-02,2051,
CHE,french-speaking,2025,offline,RTS News (public broadcaster),55,che_rts,rts.ch,Chart also reports RTS TV News 41% and RTS Radio News 28% separately.,"DNR 2025, p. 113",outlet,FALSE,,,national,2025-01,2025-02,2023,
CHE,french-speaking,2025,offline,20 Minutes,44,che_20min_fr,20min.ch,,"DNR 2025, p. 113",outlet,FALSE,,,national,2025-01,2025-02,2023,
CHE,french-speaking,2025,offline,French commerical TV news,26,cat_fr_commercial_tv,,Aggregate category label. DNR alternates 'private' and 'commercial' wording across years for this item.,"DNR 2025, p. 113",category,FALSE,,,national,2025-01,2025-02,2023,
CHE,french-speaking,2025,offline,French public TV news,23,cat_fr_public_tv,,"Aggregate category label in the DNR chart, not an identifiable outlet. No domain.","DNR 2025, p. 113",category,FALSE,,,national,2025-01,2025-02,2023,
CHE,french-speaking,2025,offline,24 heures,16,che_24heures,24heures.ch,,"DNR 2025, p. 113",outlet,FALSE,,,national,2025-01,2025-02,2023,
CHE,french-speaking,2025,offline,Commercial radio news,15,cat_commercial_radio,,Aggregate category label. DNR alternates 'private' and 'commercial' wording across years for this item.,"DNR 2025, p. 113",category,FALSE,,,national,2025-01,2025-02,2023,
CHE,french-speaking,2025,offline,Le Matin Dimanche,13,che_lematindimanche,lematin.ch,UNVERIFIED DOMAIN: lematindimanche.ch serves an e-paper portal only. Recorded lematin.ch as the likely article domain - confirm.,"DNR 2025, p. 113",outlet,FALSE,,,national,2025-01,2025-02,2023,
CHE,french-speaking,2025,offline,BBC News,13,gbr_bbc,bbc.co.uk,Foreign outlet appearing in the Swiss list.,"DNR 2025, p. 113",foreign,FALSE,,,national,2025-01,2025-02,2023,
CHE,french-speaking,2025,offline,Le Temps,13,che_letemps,letemps.ch,,"DNR 2025, p. 113",outlet,FALSE,,,national,2025-01,2025-02,2023,
CHE,french-speaking,2025,offline,Regional or local newspapers (e.g. Le Quotidien Jurassien),12,cat_regional_local_press,,"Aggregate category label in the DNR chart, not an identifiable outlet. No domain.","DNR 2025, p. 113",category,FALSE,,,national,2025-01,2025-02,2023,
CHE,french-speaking,2025,offline,CNN,11,usa_cnn,cnn.com,Foreign outlet appearing in the Swiss list.,"DNR 2025, p. 113",foreign,FALSE,,,national,2025-01,2025-02,2023,
CHE,french-speaking,2025,offline,Tribune de Genève,10,che_tdg,tdg.ch,,"DNR 2025, p. 113",outlet,FALSE,,,national,2025-01,2025-02,2023,
CHE,french-speaking,2025,online,20 Minutes online,47,che_20min_fr,20min.ch,,"DNR 2025, p. 113",outlet,FALSE,,,national,2025-01,2025-02,2023,
CHE,french-speaking,2025,online,RTS News online,28,che_rts,rts.ch,,"DNR 2025, p. 113",outlet,FALSE,,,national,2025-01,2025-02,2023,
CHE,french-speaking,2025,online,24 heures online,15,che_24heures,24heures.ch,,"DNR 2025, p. 113",outlet,FALSE,,,national,2025-01,2025-02,2023,
CHE,french-speaking,2025,online,Blue News,14,che_bluenews,bluewin.ch,"Swisscom portal. Branded Bluewin, later Blue News; bluenews.ch redirects to bluewin.ch, where the articles live.","DNR 2025, p. 113",aggregator,TRUE,,,national,2025-01,2025-02,2023,
CHE,french-speaking,2025,online,Le Matin online,14,che_lematin,lematin.ch,,"DNR 2025, p. 113",outlet,FALSE,,,national,2025-01,2025-02,2023,
CHE,french-speaking,2025,online,Blick online,14,che_blick,blick.ch,,"DNR 2025, p. 113",outlet,FALSE,,,national,2025-01,2025-02,2023,
CHE,french-speaking,2025,online,Watson.ch,13,che_watson,watson.ch,,"DNR 2025, p. 113",outlet,FALSE,,,national,2025-01,2025-02,2023,
CHE,french-speaking,2025,online,Teletext online,11,che_teletext,teletext.ch,Republishes agency copy rather than producing original reporting.,"DNR 2025, p. 113",aggregator,TRUE,,,national,2025-01,2025-02,2023,
CHE,french-speaking,2025,online,BBC News online,11,gbr_bbc,bbc.co.uk,Foreign outlet appearing in the Swiss list.,"DNR 2025, p. 113",foreign,FALSE,,,national,2025-01,2025-02,2023,
CHE,french-speaking,2025,online,Yahoo! News,10,usa_yahoo,yahoo.com,"News aggregator, foreign-owned.","DNR 2025, p. 113",aggregator,TRUE,,,national,2025-01,2025-02,2023,
CHE,french-speaking,2025,online,Le Temps online,10,che_letemps,letemps.ch,,"DNR 2025, p. 113",outlet,FALSE,,,national,2025-01,2025-02,2023,
CHE,french-speaking,2025,online,MSN News,9,usa_msn,msn.com,"Microsoft news portal, foreign-owned.","DNR 2025, p. 113",aggregator,TRUE,,,national,2025-01,2025-02,2023,
CHE,german-speaking,2025,offline,SRF News (public broadcaster),56,che_srf,srf.ch,Chart also reports SRF TV News 38% and SRF Radio News 34% separately.,"DNR 2025, p. 113",outlet,FALSE,,,national,2025-01,2025-02,2023,
CHE,german-speaking,2025,offline,20 Minuten,36,che_20min_de,20min.ch,,"DNR 2025, p. 113",outlet,FALSE,,,national,2025-01,2025-02,2023,
CHE,german-speaking,2025,offline,German public TV news,22,cat_de_public_tv,,"Aggregate category label in the DNR chart, not an identifiable outlet. No domain.","DNR 2025, p. 113",category,FALSE,,,national,2025-01,2025-02,2023,
CHE,german-speaking,2025,offline,"Commercial TV news (e.g. Tele Züri, Tele Bärn, TeleM1)",18,cat_commercial_tv,,Aggregate category label for Swiss commercial/private TV news. Wording varies by year ('Other commercial news (e.g. Tele Zuri)' -> 'Other commercial TV' -> 'Private TV news' -> 'Commercial TV news'); treated as one item.,"DNR 2025, p. 113",category,FALSE,,,national,2025-01,2025-02,2023,
CHE,german-speaking,2025,offline,German commercial TV news,17,cat_de_commercial_tv,,Aggregate category label. DNR alternates 'private' and 'commercial' wording across years for this item.,"DNR 2025, p. 113",category,FALSE,,,national,2025-01,2025-02,2023,
CHE,german-speaking,2025,offline,Blick,17,che_blick,blick.ch,,"DNR 2025, p. 113",outlet,FALSE,,,national,2025-01,2025-02,2023,
CHE,german-speaking,2025,offline,Commercial radio news,16,cat_commercial_radio,,Aggregate category label. DNR alternates 'private' and 'commercial' wording across years for this item.,"DNR 2025, p. 113",category,FALSE,,,national,2025-01,2025-02,2023,
CHE,german-speaking,2025,offline,Regional or local newspaper,16,cat_regional_local_press,,"Aggregate category label in the DNR chart, not an identifiable outlet. No domain.","DNR 2025, p. 113",category,FALSE,,,national,2025-01,2025-02,2023,
CHE,german-speaking,2025,offline,Tages-Anzeiger,10,che_tagesanzeiger,tagesanzeiger.ch,,"DNR 2025, p. 113",outlet,FALSE,,,national,2025-01,2025-02,2023,
CHE,german-speaking,2025,offline,Neue Zürcher Zeitung (NZZ),8,che_nzz,nzz.ch,,"DNR 2025, p. 113",outlet,FALSE,,,national,2025-01,2025-02,2023,
CHE,german-speaking,2025,offline,SonntagsZeitung,8,che_sonntagszeitung,sonntagszeitung.ch,"sonntagszeitung.ch was a live publishing domain in the early years (73,000+ archived pages); its 2018 archived homepage is titled 'News SonntagsZeitung - tagesanzeiger.ch', i.e. articles were served under Tages-Anzeiger's domain. By 2026 the domain serves an e-paper portal only. TX Group title. UNVERIFIED DOMAIN: which host to fetch articles from per year is unresolved - see domain_evidence_switzerland.tsv.","DNR 2025, p. 113",outlet,FALSE,,,national,2025-01,2025-02,2023,
CHE,german-speaking,2025,offline,BBC News,8,gbr_bbc,bbc.co.uk,Foreign outlet appearing in the Swiss list.,"DNR 2025, p. 113",foreign,FALSE,,,national,2025-01,2025-02,2023,
CHE,german-speaking,2025,online,20 Minuten online,46,che_20min_de,20min.ch,,"DNR 2025, p. 113",outlet,FALSE,,,national,2025-01,2025-02,2023,
CHE,german-speaking,2025,online,SRF News online,30,che_srf,srf.ch,,"DNR 2025, p. 113",outlet,FALSE,,,national,2025-01,2025-02,2023,
CHE,german-speaking,2025,online,Blick online,26,che_blick,blick.ch,,"DNR 2025, p. 113",outlet,FALSE,,,national,2025-01,2025-02,2023,
CHE,german-speaking,2025,online,Watson,22,che_watson,watson.ch,,"DNR 2025, p. 113",outlet,FALSE,,,national,2025-01,2025-02,2023,
CHE,german-speaking,2025,online,Blue News,14,che_bluenews,bluewin.ch,"Swisscom portal. Branded Bluewin, later Blue News; bluenews.ch redirects to bluewin.ch, where the articles live.","DNR 2025, p. 113",aggregator,TRUE,,,national,2025-01,2025-02,2023,
CHE,german-speaking,2025,online,nau.ch,14,che_nau,nau.ch,,"DNR 2025, p. 113",outlet,FALSE,,,national,2025-01,2025-02,2023,
CHE,german-speaking,2025,online,NZZ online,11,che_nzz,nzz.ch,,"DNR 2025, p. 113",outlet,FALSE,,,national,2025-01,2025-02,2023,
CHE,german-speaking,2025,online,Tages-Anzeiger online,10,che_tagesanzeiger,tagesanzeiger.ch,,"DNR 2025, p. 113",outlet,FALSE,,,national,2025-01,2025-02,2023,
CHE,german-speaking,2025,online,Teletext online,10,che_teletext,teletext.ch,Republishes agency copy rather than producing original reporting.,"DNR 2025, p. 113",aggregator,TRUE,,,national,2025-01,2025-02,2023,
CHE,german-speaking,2025,online,GMX,9,deu_gmx,gmx.ch,Email portal with a news feed. German-owned (United Internet); gmx.ch is the Swiss domain.,"DNR 2025, p. 113",aggregator,TRUE,,,national,2025-01,2025-02,2023,
CHE,german-speaking,2025,online,Regional or local newspaper online,9,cat_regional_local_press_online,,"Aggregate category label in the DNR chart, not an identifiable outlet. No domain.","DNR 2025, p. 113",category,FALSE,,,national,2025-01,2025-02,2023,
CHE,german-speaking,2025,online,BBC News online,9,gbr_bbc,bbc.co.uk,Foreign outlet appearing in the Swiss list.,"DNR 2025, p. 113",foreign,FALSE,,,national,2025-01,2025-02,2023,
CHE,french-speaking,2024,offline,RTS News (public broadcaster),61,che_rts,rts.ch,Chart also reports RTS TV News 46% and RTS Radio News 32% separately.,"DNR 2024, p. 109",outlet,FALSE,,,national,2024-01,2024-02,2012,
CHE,french-speaking,2024,offline,20 Minutes,44,che_20min_fr,20min.ch,,"DNR 2024, p. 109",outlet,FALSE,,,national,2024-01,2024-02,2012,
CHE,french-speaking,2024,offline,French private TV news,27,cat_fr_commercial_tv,,Aggregate category label. DNR alternates 'private' and 'commercial' wording across years for this item.,"DNR 2024, p. 109",category,FALSE,,,national,2024-01,2024-02,2012,
CHE,french-speaking,2024,offline,French public TV news,23,cat_fr_public_tv,,"Aggregate category label in the DNR chart, not an identifiable outlet. No domain.","DNR 2024, p. 109",category,FALSE,,,national,2024-01,2024-02,2012,
CHE,french-speaking,2024,offline,Regional or local newspaper,15,cat_regional_local_press,,"Aggregate category label in the DNR chart, not an identifiable outlet. No domain.","DNR 2024, p. 109",category,FALSE,,,national,2024-01,2024-02,2012,
CHE,french-speaking,2024,offline,24 heures,15,che_24heures,24heures.ch,,"DNR 2024, p. 109",outlet,FALSE,,,national,2024-01,2024-02,2012,
CHE,french-speaking,2024,offline,Private radio news,13,cat_commercial_radio,,Aggregate category label. DNR alternates 'private' and 'commercial' wording across years for this item.,"DNR 2024, p. 109",category,FALSE,,,national,2024-01,2024-02,2012,
CHE,french-speaking,2024,offline,Le Matin Dimanche,13,che_lematindimanche,lematin.ch,UNVERIFIED DOMAIN: lematindimanche.ch serves an e-paper portal only. Recorded lematin.ch as the likely article domain - confirm.,"DNR 2024, p. 109",outlet,FALSE,,,national,2024-01,2024-02,2012,
CHE,french-speaking,2024,offline,Le Temps,10,che_letemps,letemps.ch,,"DNR 2024, p. 109",outlet,FALSE,,,national,2024-01,2024-02,2012,
CHE,french-speaking,2024,offline,Le Nouvelliste,9,che_nouvelliste,lenouvelliste.ch,,"DNR 2024, p. 109",outlet,FALSE,,,national,2024-01,2024-02,2012,
CHE,french-speaking,2024,offline,Private TV news,9,cat_commercial_tv,,Aggregate category label for Swiss commercial/private TV news. Wording varies by year ('Other commercial news (e.g. Tele Zuri)' -> 'Other commercial TV' -> 'Private TV news' -> 'Commercial TV news'); treated as one item.,"DNR 2024, p. 109",category,FALSE,,,national,2024-01,2024-02,2012,
CHE,french-speaking,2024,offline,Tribune de Genève,9,che_tdg,tdg.ch,,"DNR 2024, p. 109",outlet,FALSE,,,national,2024-01,2024-02,2012,
CHE,french-speaking,2024,online,20 Minutes online,47,che_20min_fr,20min.ch,,"DNR 2024, p. 109",outlet,FALSE,,,national,2024-01,2024-02,2012,
CHE,french-speaking,2024,online,RTS News online,26,che_rts,rts.ch,,"DNR 2024, p. 109",outlet,FALSE,,,national,2024-01,2024-02,2012,
CHE,french-speaking,2024,online,24 heures.ch,15,che_24heures,24heures.ch,,"DNR 2024, p. 109",outlet,FALSE,,,national,2024-01,2024-02,2012,
CHE,french-speaking,2024,online,Blue News,15,che_bluenews,bluewin.ch,"Swisscom portal. Branded Bluewin, later Blue News; bluenews.ch redirects to bluewin.ch, where the articles live.","DNR 2024, p. 109",aggregator,TRUE,,,national,2024-01,2024-02,2012,
CHE,french-speaking,2024,online,Le Matin online,14,che_lematin,lematin.ch,,"DNR 2024, p. 109",outlet,FALSE,,,national,2024-01,2024-02,2012,
CHE,french-speaking,2024,online,Teletext online,13,che_teletext,teletext.ch,Republishes agency copy rather than producing original reporting.,"DNR 2024, p. 109",aggregator,TRUE,,,national,2024-01,2024-02,2012,
CHE,french-speaking,2024,online,Blick online,12,che_blick,blick.ch,,"DNR 2024, p. 109",outlet,FALSE,,,national,2024-01,2024-02,2012,
CHE,french-speaking,2024,online,Le Nouvelliste online,10,che_nouvelliste,lenouvelliste.ch,,"DNR 2024, p. 109",outlet,FALSE,,,national,2024-01,2024-02,2012,
CHE,french-speaking,2024,online,Watson.ch,9,che_watson,watson.ch,,"DNR 2024, p. 109",outlet,FALSE,,,national,2024-01,2024-02,2012,
CHE,french-speaking,2024,online,Yahoo! News,9,usa_yahoo,yahoo.com,"News aggregator, foreign-owned.","DNR 2024, p. 109",aggregator,TRUE,,,national,2024-01,2024-02,2012,
CHE,french-speaking,2024,online,CNN.com,9,usa_cnn,cnn.com,Foreign outlet appearing in the Swiss list.,"DNR 2024, p. 109",foreign,FALSE,,,national,2024-01,2024-02,2012,
CHE,french-speaking,2024,online,MSN News,8,usa_msn,msn.com,"Microsoft news portal, foreign-owned.","DNR 2024, p. 109",aggregator,TRUE,,,national,2024-01,2024-02,2012,
CHE,german-speaking,2024,offline,SRF News (public broadcaster),59,che_srf,srf.ch,Chart also reports SRF TV News 40% and SRF Radio News 37% separately.,"DNR 2024, p. 109",outlet,FALSE,,,national,2024-01,2024-02,2012,
CHE,german-speaking,2024,offline,20 Minuten,40,che_20min_de,20min.ch,,"DNR 2024, p. 109",outlet,FALSE,,,national,2024-01,2024-02,2012,
CHE,german-speaking,2024,offline,German public TV news,20,cat_de_public_tv,,"Aggregate category label in the DNR chart, not an identifiable outlet. No domain.","DNR 2024, p. 109",category,FALSE,,,national,2024-01,2024-02,2012,
CHE,german-speaking,2024,offline,Private TV news,19,cat_commercial_tv,,Aggregate category label for Swiss commercial/private TV news. Wording varies by year ('Other commercial news (e.g. Tele Zuri)' -> 'Other commercial TV' -> 'Private TV news' -> 'Commercial TV news'); treated as one item.,"DNR 2024, p. 109",category,FALSE,,,national,2024-01,2024-02,2012,
CHE,german-speaking,2024,offline,German private TV news,18,cat_de_commercial_tv,,Aggregate category label. DNR alternates 'private' and 'commercial' wording across years for this item.,"DNR 2024, p. 109",category,FALSE,,,national,2024-01,2024-02,2012,
CHE,german-speaking,2024,offline,Blick,16,che_blick,blick.ch,,"DNR 2024, p. 109",outlet,FALSE,,,national,2024-01,2024-02,2012,
CHE,german-speaking,2024,offline,Regional or local newspapers,15,cat_regional_local_press,,"Aggregate category label in the DNR chart, not an identifiable outlet. No domain.","DNR 2024, p. 109",category,FALSE,,,national,2024-01,2024-02,2012,
CHE,german-speaking,2024,offline,Private radio news,13,cat_commercial_radio,,Aggregate category label. DNR alternates 'private' and 'commercial' wording across years for this item.,"DNR 2024, p. 109",category,FALSE,,,national,2024-01,2024-02,2012,
CHE,german-speaking,2024,offline,Tages-Anzeiger,11,che_tagesanzeiger,tagesanzeiger.ch,,"DNR 2024, p. 109",outlet,FALSE,,,national,2024-01,2024-02,2012,
CHE,german-speaking,2024,offline,Neue Zürcher Zeitung (NZZ),8,che_nzz,nzz.ch,,"DNR 2024, p. 109",outlet,FALSE,,,national,2024-01,2024-02,2012,
CHE,german-speaking,2024,offline,BBC News,7,gbr_bbc,bbc.co.uk,Foreign outlet appearing in the Swiss list.,"DNR 2024, p. 109",foreign,FALSE,,,national,2024-01,2024-02,2012,
CHE,german-speaking,2024,offline,SonntagsZeitung,6,che_sonntagszeitung,sonntagszeitung.ch,"sonntagszeitung.ch was a live publishing domain in the early years (73,000+ archived pages); its 2018 archived homepage is titled 'News SonntagsZeitung - tagesanzeiger.ch', i.e. articles were served under Tages-Anzeiger's domain. By 2026 the domain serves an e-paper portal only. TX Group title. UNVERIFIED DOMAIN: which host to fetch articles from per year is unresolved - see domain_evidence_switzerland.tsv.","DNR 2024, p. 109",outlet,FALSE,,,national,2024-01,2024-02,2012,
CHE,german-speaking,2024,online,20 Minuten online,44,che_20min_de,20min.ch,,"DNR 2024, p. 109",outlet,FALSE,,,national,2024-01,2024-02,2012,
CHE,german-speaking,2024,online,SRF News online,28,che_srf,srf.ch,,"DNR 2024, p. 109",outlet,FALSE,,,national,2024-01,2024-02,2012,
CHE,german-speaking,2024,online,Blick online,27,che_blick,blick.ch,,"DNR 2024, p. 109",outlet,FALSE,,,national,2024-01,2024-02,2012,
CHE,german-speaking,2024,online,Watson,19,che_watson,watson.ch,,"DNR 2024, p. 109",outlet,FALSE,,,national,2024-01,2024-02,2012,
CHE,german-speaking,2024,online,Blue News,15,che_bluenews,bluewin.ch,"Swisscom portal. Branded Bluewin, later Blue News; bluenews.ch redirects to bluewin.ch, where the articles live.","DNR 2024, p. 109",aggregator,TRUE,,,national,2024-01,2024-02,2012,
CHE,german-speaking,2024,online,nau.ch,12,che_nau,nau.ch,,"DNR 2024, p. 109",outlet,FALSE,,,national,2024-01,2024-02,2012,
CHE,german-speaking,2024,online,GMX,11,deu_gmx,gmx.ch,Email portal with a news feed. German-owned (United Internet); gmx.ch is the Swiss domain.,"DNR 2024, p. 109",aggregator,TRUE,,,national,2024-01,2024-02,2012,
CHE,german-speaking,2024,online,Tages-Anzeiger online,10,che_tagesanzeiger,tagesanzeiger.ch,,"DNR 2024, p. 109",outlet,FALSE,,,national,2024-01,2024-02,2012,
CHE,german-speaking,2024,online,NZZ online,10,che_nzz,nzz.ch,,"DNR 2024, p. 109",outlet,FALSE,,,national,2024-01,2024-02,2012,
CHE,german-speaking,2024,online,Teletext online,9,che_teletext,teletext.ch,Republishes agency copy rather than producing original reporting.,"DNR 2024, p. 109",aggregator,TRUE,,,national,2024-01,2024-02,2012,
CHE,german-speaking,2024,online,Regional or local newspapers online,8,cat_regional_local_press_online,,"Aggregate category label in the DNR chart, not an identifiable outlet. No domain.","DNR 2024, p. 109",category,FALSE,,,national,2024-01,2024-02,2012,
CHE,german-speaking,2024,online,BBC News online,7,gbr_bbc,bbc.co.uk,Foreign outlet appearing in the Swiss list.,"DNR 2024, p. 109",foreign,FALSE,,,national,2024-01,2024-02,2012,
CHE,french-speaking,2023,offline,RTS news (public broadcaster),64,che_rts,rts.ch,Chart also reports RTS TV News 52% and RTS Radio News 34% separately.,"DNR 2023, p. 103",outlet,FALSE,,,national,2023-01,2023-02,2037,
CHE,french-speaking,2023,offline,20 Minutes,43,che_20min_fr,20min.ch,,"DNR 2023, p. 103",outlet,FALSE,,,national,2023-01,2023-02,2037,
CHE,french-speaking,2023,offline,French private TV news,29,cat_fr_commercial_tv,,Aggregate category label. DNR alternates 'private' and 'commercial' wording across years for this item.,"DNR 2023, p. 103",category,FALSE,,,national,2023-01,2023-02,2037,
CHE,french-speaking,2023,offline,French public TV news,24,cat_fr_public_tv,,"Aggregate category label in the DNR chart, not an identifiable outlet. No domain.","DNR 2023, p. 103",category,FALSE,,,national,2023-01,2023-02,2037,
CHE,french-speaking,2023,offline,Private radio news,15,cat_commercial_radio,,Aggregate category label. DNR alternates 'private' and 'commercial' wording across years for this item.,"DNR 2023, p. 103",category,FALSE,,,national,2023-01,2023-02,2037,
CHE,french-speaking,2023,offline,Le Matin Dimanche,14,che_lematindimanche,lematin.ch,UNVERIFIED DOMAIN: lematindimanche.ch serves an e-paper portal only. Recorded lematin.ch as the likely article domain - confirm.,"DNR 2023, p. 103",outlet,FALSE,,,national,2023-01,2023-02,2037,
CHE,french-speaking,2023,offline,24 heures,13,che_24heures,24heures.ch,,"DNR 2023, p. 103",outlet,FALSE,,,national,2023-01,2023-02,2037,
CHE,french-speaking,2023,offline,Regional or local newspaper,11,cat_regional_local_press,,"Aggregate category label in the DNR chart, not an identifiable outlet. No domain.","DNR 2023, p. 103",category,FALSE,,,national,2023-01,2023-02,2037,
CHE,french-speaking,2023,offline,Le Temps,10,che_letemps,letemps.ch,,"DNR 2023, p. 103",outlet,FALSE,,,national,2023-01,2023-02,2037,
CHE,french-speaking,2023,offline,Tribune de Genève,9,che_tdg,tdg.ch,,"DNR 2023, p. 103",outlet,FALSE,,,national,2023-01,2023-02,2037,
CHE,french-speaking,2023,offline,Private TV news,9,cat_commercial_tv,,Aggregate category label for Swiss commercial/private TV news. Wording varies by year ('Other commercial news (e.g. Tele Zuri)' -> 'Other commercial TV' -> 'Private TV news' -> 'Commercial TV news'); treated as one item.,"DNR 2023, p. 103",category,FALSE,,,national,2023-01,2023-02,2037,
CHE,french-speaking,2023,offline,Le Nouvelliste,9,che_nouvelliste,lenouvelliste.ch,,"DNR 2023, p. 103",outlet,FALSE,,,national,2023-01,2023-02,2037,
CHE,french-speaking,2023,online,20 Minutes online,47,che_20min_fr,20min.ch,,"DNR 2023, p. 103",outlet,FALSE,,,national,2023-01,2023-02,2037,
CHE,french-speaking,2023,online,RTS News online,30,che_rts,rts.ch,,"DNR 2023, p. 103",outlet,FALSE,,,national,2023-01,2023-02,2037,
CHE,french-speaking,2023,online,Le Matin online,17,che_lematin,lematin.ch,,"DNR 2023, p. 103",outlet,FALSE,,,national,2023-01,2023-02,2037,
CHE,french-speaking,2023,online,Blue News,16,che_bluenews,bluewin.ch,"Swisscom portal. Branded Bluewin, later Blue News; bluenews.ch redirects to bluewin.ch, where the articles live.","DNR 2023, p. 103",aggregator,TRUE,,,national,2023-01,2023-02,2037,
CHE,french-speaking,2023,online,24 heures.ch,14,che_24heures,24heures.ch,,"DNR 2023, p. 103",outlet,FALSE,,,national,2023-01,2023-02,2037,
CHE,french-speaking,2023,online,Teletext online,14,che_teletext,teletext.ch,Republishes agency copy rather than producing original reporting.,"DNR 2023, p. 103",aggregator,TRUE,,,national,2023-01,2023-02,2037,
CHE,french-speaking,2023,online,Blick online,10,che_blick,blick.ch,,"DNR 2023, p. 103",outlet,FALSE,,,national,2023-01,2023-02,2037,
CHE,french-speaking,2023,online,Le Nouvelliste online,9,che_nouvelliste,lenouvelliste.ch,,"DNR 2023, p. 103",outlet,FALSE,,,national,2023-01,2023-02,2037,
CHE,french-speaking,2023,online,MSN News,8,usa_msn,msn.com,"Microsoft news portal, foreign-owned.","DNR 2023, p. 103",aggregator,TRUE,,,national,2023-01,2023-02,2037,
CHE,french-speaking,2023,online,Le Temps online,8,che_letemps,letemps.ch,,"DNR 2023, p. 103",outlet,FALSE,,,national,2023-01,2023-02,2037,
CHE,french-speaking,2023,online,Yahoo! News,8,usa_yahoo,yahoo.com,"News aggregator, foreign-owned.","DNR 2023, p. 103",aggregator,TRUE,,,national,2023-01,2023-02,2037,
CHE,french-speaking,2023,online,Regional or local newspapers online,7,cat_regional_local_press_online,,"Aggregate category label in the DNR chart, not an identifiable outlet. No domain.","DNR 2023, p. 103",category,FALSE,,,national,2023-01,2023-02,2037,
CHE,german-speaking,2023,offline,SRF news (public broadcaster),59,che_srf,srf.ch,Chart also reports SRF TV News 40% and SRF Radio News 37% separately.,"DNR 2023, p. 103",outlet,FALSE,,,national,2023-01,2023-02,2037,
CHE,german-speaking,2023,offline,20 Minuten,37,che_20min_de,20min.ch,,"DNR 2023, p. 103",outlet,FALSE,,,national,2023-01,2023-02,2037,
CHE,german-speaking,2023,offline,German public TV news,20,cat_de_public_tv,,"Aggregate category label in the DNR chart, not an identifiable outlet. No domain.","DNR 2023, p. 103",category,FALSE,,,national,2023-01,2023-02,2037,
CHE,german-speaking,2023,offline,German private TV news,18,cat_de_commercial_tv,,Aggregate category label. DNR alternates 'private' and 'commercial' wording across years for this item.,"DNR 2023, p. 103",category,FALSE,,,national,2023-01,2023-02,2037,
CHE,german-speaking,2023,offline,Private TV news,17,cat_commercial_tv,,Aggregate category label for Swiss commercial/private TV news. Wording varies by year ('Other commercial news (e.g. Tele Zuri)' -> 'Other commercial TV' -> 'Private TV news' -> 'Commercial TV news'); treated as one item.,"DNR 2023, p. 103",category,FALSE,,,national,2023-01,2023-02,2037,
CHE,german-speaking,2023,offline,Blick,17,che_blick,blick.ch,,"DNR 2023, p. 103",outlet,FALSE,,,national,2023-01,2023-02,2037,
CHE,german-speaking,2023,offline,Private radio news,15,cat_commercial_radio,,Aggregate category label. DNR alternates 'private' and 'commercial' wording across years for this item.,"DNR 2023, p. 103",category,FALSE,,,national,2023-01,2023-02,2037,
CHE,german-speaking,2023,offline,Regional or local newspapers,14,cat_regional_local_press,,"Aggregate category label in the DNR chart, not an identifiable outlet. No domain.","DNR 2023, p. 103",category,FALSE,,,national,2023-01,2023-02,2037,
CHE,german-speaking,2023,offline,Tages-Anzeiger,10,che_tagesanzeiger,tagesanzeiger.ch,,"DNR 2023, p. 103",outlet,FALSE,,,national,2023-01,2023-02,2037,
CHE,german-speaking,2023,offline,BBC News,7,gbr_bbc,bbc.co.uk,Foreign outlet appearing in the Swiss list.,"DNR 2023, p. 103",foreign,FALSE,,,national,2023-01,2023-02,2037,
CHE,german-speaking,2023,offline,SonntagsZeitung,6,che_sonntagszeitung,sonntagszeitung.ch,"sonntagszeitung.ch was a live publishing domain in the early years (73,000+ archived pages); its 2018 archived homepage is titled 'News SonntagsZeitung - tagesanzeiger.ch', i.e. articles were served under Tages-Anzeiger's domain. By 2026 the domain serves an e-paper portal only. TX Group title. UNVERIFIED DOMAIN: which host to fetch articles from per year is unresolved - see domain_evidence_switzerland.tsv.","DNR 2023, p. 103",outlet,FALSE,,,national,2023-01,2023-02,2037,
CHE,german-speaking,2023,offline,Neue Zürcher Zeitung (NZZ),6,che_nzz,nzz.ch,,"DNR 2023, p. 103",outlet,FALSE,,,national,2023-01,2023-02,2037,
CHE,german-speaking,2023,online,20 Minuten online,45,che_20min_de,20min.ch,,"DNR 2023, p. 103",outlet,FALSE,,,national,2023-01,2023-02,2037,
CHE,german-speaking,2023,online,SRF News online,29,che_srf,srf.ch,,"DNR 2023, p. 103",outlet,FALSE,,,national,2023-01,2023-02,2037,
CHE,german-speaking,2023,online,Blick online,25,che_blick,blick.ch,,"DNR 2023, p. 103",outlet,FALSE,,,national,2023-01,2023-02,2037,
CHE,german-speaking,2023,online,Watson,20,che_watson,watson.ch,,"DNR 2023, p. 103",outlet,FALSE,,,national,2023-01,2023-02,2037,
CHE,german-speaking,2023,online,Blue News,15,che_bluenews,bluewin.ch,"Swisscom portal. Branded Bluewin, later Blue News; bluenews.ch redirects to bluewin.ch, where the articles live.","DNR 2023, p. 103",aggregator,TRUE,,,national,2023-01,2023-02,2037,
CHE,german-speaking,2023,online,nau.ch,15,che_nau,nau.ch,,"DNR 2023, p. 103",outlet,FALSE,,,national,2023-01,2023-02,2037,
CHE,german-speaking,2023,online,Teletext online,11,che_teletext,teletext.ch,Republishes agency copy rather than producing original reporting.,"DNR 2023, p. 103",aggregator,TRUE,,,national,2023-01,2023-02,2037,
CHE,german-speaking,2023,online,NZZ online,10,che_nzz,nzz.ch,,"DNR 2023, p. 103",outlet,FALSE,,,national,2023-01,2023-02,2037,
CHE,german-speaking,2023,online,Regional or local newspapers online,9,cat_regional_local_press_online,,"Aggregate category label in the DNR chart, not an identifiable outlet. No domain.","DNR 2023, p. 103",category,FALSE,,,national,2023-01,2023-02,2037,
CHE,german-speaking,2023,online,GMX,9,deu_gmx,gmx.ch,Email portal with a news feed. German-owned (United Internet); gmx.ch is the Swiss domain.,"DNR 2023, p. 103",aggregator,TRUE,,,national,2023-01,2023-02,2037,
CHE,german-speaking,2023,online,Tages-Anzeiger online,9,che_tagesanzeiger,tagesanzeiger.ch,,"DNR 2023, p. 103",outlet,FALSE,,,national,2023-01,2023-02,2037,
CHE,german-speaking,2023,online,BBC News online,6,gbr_bbc,bbc.co.uk,Foreign outlet appearing in the Swiss list.,"DNR 2023, p. 103",foreign,FALSE,,,national,2023-01,2023-02,2037,
CHE,french-speaking,2022,offline,RTS News (public broadcaster),72,che_rts,rts.ch,Chart also reports RTS TV News 56% and RTS Radio News 38% separately.,"DNR 2022, p. 107",outlet,FALSE,,,national,2022-01,2022-02,2004,
CHE,french-speaking,2022,offline,20 minutes,45,che_20min_fr,20min.ch,,"DNR 2022, p. 107",outlet,FALSE,,,national,2022-01,2022-02,2004,
CHE,french-speaking,2022,offline,French private TV news,33,cat_fr_commercial_tv,,Aggregate category label. DNR alternates 'private' and 'commercial' wording across years for this item.,"DNR 2022, p. 107",category,FALSE,,,national,2022-01,2022-02,2004,
CHE,french-speaking,2022,offline,French public TV news,26,cat_fr_public_tv,,"Aggregate category label in the DNR chart, not an identifiable outlet. No domain.","DNR 2022, p. 107",category,FALSE,,,national,2022-01,2022-02,2004,
CHE,french-speaking,2022,offline,Private radio news,20,cat_commercial_radio,,Aggregate category label. DNR alternates 'private' and 'commercial' wording across years for this item.,"DNR 2022, p. 107",category,FALSE,,,national,2022-01,2022-02,2004,
CHE,french-speaking,2022,offline,Le Matin Dimanche,16,che_lematindimanche,lematin.ch,UNVERIFIED DOMAIN: lematindimanche.ch serves an e-paper portal only. Recorded lematin.ch as the likely article domain - confirm.,"DNR 2022, p. 107",outlet,FALSE,,,national,2022-01,2022-02,2004,
CHE,french-speaking,2022,offline,24 heures,15,che_24heures,24heures.ch,,"DNR 2022, p. 107",outlet,FALSE,,,national,2022-01,2022-02,2004,
CHE,french-speaking,2022,offline,Le Temps,14,che_letemps,letemps.ch,,"DNR 2022, p. 107",outlet,FALSE,,,national,2022-01,2022-02,2004,
CHE,french-speaking,2022,offline,Regional or local newspaper,12,cat_regional_local_press,,"Aggregate category label in the DNR chart, not an identifiable outlet. No domain.","DNR 2022, p. 107",category,FALSE,,,national,2022-01,2022-02,2004,
CHE,french-speaking,2022,offline,Tribune de Genève,10,che_tdg,tdg.ch,,"DNR 2022, p. 107",outlet,FALSE,,,national,2022-01,2022-02,2004,
CHE,french-speaking,2022,offline,Private TV news,10,cat_commercial_tv,,Aggregate category label for Swiss commercial/private TV news. Wording varies by year ('Other commercial news (e.g. Tele Zuri)' -> 'Other commercial TV' -> 'Private TV news' -> 'Commercial TV news'); treated as one item.,"DNR 2022, p. 107",category,FALSE,,,national,2022-01,2022-02,2004,
CHE,french-speaking,2022,offline,Le Nouvelliste,9,che_nouvelliste,lenouvelliste.ch,,"DNR 2022, p. 107",outlet,FALSE,,,national,2022-01,2022-02,2004,
CHE,french-speaking,2022,online,20 minutes online,48,che_20min_fr,20min.ch,,"DNR 2022, p. 107",outlet,FALSE,,,national,2022-01,2022-02,2004,
CHE,french-speaking,2022,online,RTS News online,33,che_rts,rts.ch,,"DNR 2022, p. 107",outlet,FALSE,,,national,2022-01,2022-02,2004,
CHE,french-speaking,2022,online,Le Matin online,21,che_lematin,lematin.ch,,"DNR 2022, p. 107",outlet,FALSE,,,national,2022-01,2022-02,2004,
CHE,french-speaking,2022,online,Blue News,20,che_bluenews,bluewin.ch,"Swisscom portal. Branded Bluewin, later Blue News; bluenews.ch redirects to bluewin.ch, where the articles live.","DNR 2022, p. 107",aggregator,TRUE,,,national,2022-01,2022-02,2004,
CHE,french-speaking,2022,online,24 heures.ch,16,che_24heures,24heures.ch,,"DNR 2022, p. 107",outlet,FALSE,,,national,2022-01,2022-02,2004,
CHE,french-speaking,2022,online,Teletext online,16,che_teletext,teletext.ch,Republishes agency copy rather than producing original reporting.,"DNR 2022, p. 107",aggregator,TRUE,,,national,2022-01,2022-02,2004,
CHE,french-speaking,2022,online,Le Temps online,12,che_letemps,letemps.ch,,"DNR 2022, p. 107",outlet,FALSE,,,national,2022-01,2022-02,2004,
CHE,french-speaking,2022,online,Le Nouvelliste online,11,che_nouvelliste,lenouvelliste.ch,,"DNR 2022, p. 107",outlet,FALSE,,,national,2022-01,2022-02,2004,
CHE,french-speaking,2022,online,Arcinfo.ch,9,che_arcinfo,arcinfo.ch,UNVERIFIED DOMAIN: not Wayback-checked.,"DNR 2022, p. 107",outlet,FALSE,,,national,2022-01,2022-02,2004,
CHE,french-speaking,2022,online,BBC News online,8,gbr_bbc,bbc.co.uk,Foreign outlet appearing in the Swiss list.,"DNR 2022, p. 107",foreign,FALSE,,,national,2022-01,2022-02,2004,
CHE,french-speaking,2022,online,Tribune de Genève online,8,che_tdg,tdg.ch,,"DNR 2022, p. 107",outlet,FALSE,,,national,2022-01,2022-02,2004,
CHE,french-speaking,2022,online,CNN.com,8,usa_cnn,cnn.com,Foreign outlet appearing in the Swiss list.,"DNR 2022, p. 107",foreign,FALSE,,,national,2022-01,2022-02,2004,
CHE,german-speaking,2022,offline,SRF News (public broadcaster),64,che_srf,srf.ch,Chart also reports SRF TV News 44% and SRF Radio News 40% separately.,"DNR 2022, p. 107",outlet,FALSE,,,national,2022-01,2022-02,2004,
CHE,german-speaking,2022,offline,20 minuten,40,che_20min_de,20min.ch,,"DNR 2022, p. 107",outlet,FALSE,,,national,2022-01,2022-02,2004,
CHE,german-speaking,2022,offline,German public TV news,25,cat_de_public_tv,,"Aggregate category label in the DNR chart, not an identifiable outlet. No domain.","DNR 2022, p. 107",category,FALSE,,,national,2022-01,2022-02,2004,
CHE,german-speaking,2022,offline,German private TV news,22,cat_de_commercial_tv,,Aggregate category label. DNR alternates 'private' and 'commercial' wording across years for this item.,"DNR 2022, p. 107",category,FALSE,,,national,2022-01,2022-02,2004,
CHE,german-speaking,2022,offline,Private TV news,21,cat_commercial_tv,,Aggregate category label for Swiss commercial/private TV news. Wording varies by year ('Other commercial news (e.g. Tele Zuri)' -> 'Other commercial TV' -> 'Private TV news' -> 'Commercial TV news'); treated as one item.,"DNR 2022, p. 107",category,FALSE,,,national,2022-01,2022-02,2004,
CHE,german-speaking,2022,offline,Blick,18,che_blick,blick.ch,,"DNR 2022, p. 107",outlet,FALSE,,,national,2022-01,2022-02,2004,
CHE,german-speaking,2022,offline,Regional or local newspapers,17,cat_regional_local_press,,"Aggregate category label in the DNR chart, not an identifiable outlet. No domain.","DNR 2022, p. 107",category,FALSE,,,national,2022-01,2022-02,2004,
CHE,german-speaking,2022,offline,Private radio news,16,cat_commercial_radio,,Aggregate category label. DNR alternates 'private' and 'commercial' wording across years for this item.,"DNR 2022, p. 107",category,FALSE,,,national,2022-01,2022-02,2004,
CHE,german-speaking,2022,offline,Tages-Anzeiger,11,che_tagesanzeiger,tagesanzeiger.ch,,"DNR 2022, p. 107",outlet,FALSE,,,national,2022-01,2022-02,2004,
CHE,german-speaking,2022,offline,BBC News,8,gbr_bbc,bbc.co.uk,Foreign outlet appearing in the Swiss list.,"DNR 2022, p. 107",foreign,FALSE,,,national,2022-01,2022-02,2004,
CHE,german-speaking,2022,offline,Neue Zürcher Zeitung (NZZ),7,che_nzz,nzz.ch,,"DNR 2022, p. 107",outlet,FALSE,,,national,2022-01,2022-02,2004,
CHE,german-speaking,2022,offline,Sonntagsblick,7,che_sonntagsblick,blick.ch,sonntagsblick.ch redirects to blick.ch; no separate article domain.,"DNR 2022, p. 107",outlet,FALSE,,,national,2022-01,2022-02,2004,
CHE,german-speaking,2022,online,20 minuten online,45,che_20min_de,20min.ch,,"DNR 2022, p. 107",outlet,FALSE,,,national,2022-01,2022-02,2004,
CHE,german-speaking,2022,online,SRF News online,32,che_srf,srf.ch,,"DNR 2022, p. 107",outlet,FALSE,,,national,2022-01,2022-02,2004,
CHE,german-speaking,2022,online,Blick online,26,che_blick,blick.ch,,"DNR 2022, p. 107",outlet,FALSE,,,national,2022-01,2022-02,2004,
CHE,german-speaking,2022,online,Watson,21,che_watson,watson.ch,,"DNR 2022, p. 107",outlet,FALSE,,,national,2022-01,2022-02,2004,
CHE,german-speaking,2022,online,Blue News,18,che_bluenews,bluewin.ch,"Swisscom portal. Branded Bluewin, later Blue News; bluenews.ch redirects to bluewin.ch, where the articles live.","DNR 2022, p. 107",aggregator,TRUE,,,national,2022-01,2022-02,2004,
CHE,german-speaking,2022,online,nau.ch,15,che_nau,nau.ch,,"DNR 2022, p. 107",outlet,FALSE,,,national,2022-01,2022-02,2004,
CHE,german-speaking,2022,online,gmx,12,deu_gmx,gmx.ch,Email portal with a news feed. German-owned (United Internet); gmx.ch is the Swiss domain.,"DNR 2022, p. 107",aggregator,TRUE,,,national,2022-01,2022-02,2004,
CHE,german-speaking,2022,online,Tages-Anzeiger online,10,che_tagesanzeiger,tagesanzeiger.ch,,"DNR 2022, p. 107",outlet,FALSE,,,national,2022-01,2022-02,2004,
CHE,german-speaking,2022,online,Teletext online,10,che_teletext,teletext.ch,Republishes agency copy rather than producing original reporting.,"DNR 2022, p. 107",aggregator,TRUE,,,national,2022-01,2022-02,2004,
CHE,german-speaking,2022,online,NZZ online,9,che_nzz,nzz.ch,,"DNR 2022, p. 107",outlet,FALSE,,,national,2022-01,2022-02,2004,
CHE,german-speaking,2022,online,Regional or local newspapers online,8,cat_regional_local_press_online,,"Aggregate category label in the DNR chart, not an identifiable outlet. No domain.","DNR 2022, p. 107",category,FALSE,,,national,2022-01,2022-02,2004,
CHE,german-speaking,2022,online,BBC News online,6,gbr_bbc,bbc.co.uk,Foreign outlet appearing in the Swiss list.,"DNR 2022, p. 107",foreign,FALSE,,,national,2022-01,2022-02,2004,
CHE,french-speaking,2021,offline,RTS News (public broadcaster),74,che_rts,rts.ch,Chart also reports RTS TV News 58% and RTS Radio News 40% separately.,"DNR 2021, p. 107",outlet,FALSE,,,national,2021-01,2021-02,2000,
CHE,french-speaking,2021,offline,20 minutes,50,che_20min_fr,20min.ch,,"DNR 2021, p. 107",outlet,FALSE,,,national,2021-01,2021-02,2000,
CHE,french-speaking,2021,offline,French private TV news,33,cat_fr_commercial_tv,,Aggregate category label. DNR alternates 'private' and 'commercial' wording across years for this item.,"DNR 2021, p. 107",category,FALSE,,,national,2021-01,2021-02,2000,
CHE,french-speaking,2021,offline,French public TV news,26,cat_fr_public_tv,,"Aggregate category label in the DNR chart, not an identifiable outlet. No domain.","DNR 2021, p. 107",category,FALSE,,,national,2021-01,2021-02,2000,
CHE,french-speaking,2021,offline,24 heures,19,che_24heures,24heures.ch,,"DNR 2021, p. 107",outlet,FALSE,,,national,2021-01,2021-02,2000,
CHE,french-speaking,2021,offline,Le Matin Dimanche,17,che_lematindimanche,lematin.ch,UNVERIFIED DOMAIN: lematindimanche.ch serves an e-paper portal only. Recorded lematin.ch as the likely article domain - confirm.,"DNR 2021, p. 107",outlet,FALSE,,,national,2021-01,2021-02,2000,
CHE,french-speaking,2021,offline,Private radio news,16,cat_commercial_radio,,Aggregate category label. DNR alternates 'private' and 'commercial' wording across years for this item.,"DNR 2021, p. 107",category,FALSE,,,national,2021-01,2021-02,2000,
CHE,french-speaking,2021,offline,Le Temps,15,che_letemps,letemps.ch,,"DNR 2021, p. 107",outlet,FALSE,,,national,2021-01,2021-02,2000,
CHE,french-speaking,2021,offline,Regional or local newspaper,11,cat_regional_local_press,,"Aggregate category label in the DNR chart, not an identifiable outlet. No domain.","DNR 2021, p. 107",category,FALSE,,,national,2021-01,2021-02,2000,
CHE,french-speaking,2021,offline,Private TV news,10,cat_commercial_tv,,Aggregate category label for Swiss commercial/private TV news. Wording varies by year ('Other commercial news (e.g. Tele Zuri)' -> 'Other commercial TV' -> 'Private TV news' -> 'Commercial TV news'); treated as one item.,"DNR 2021, p. 107",category,FALSE,,,national,2021-01,2021-02,2000,
CHE,french-speaking,2021,offline,Tribune de Genève,10,che_tdg,tdg.ch,,"DNR 2021, p. 107",outlet,FALSE,,,national,2021-01,2021-02,2000,
CHE,french-speaking,2021,offline,La Liberté,9,che_laliberte,laliberte.ch,UNVERIFIED DOMAIN: not Wayback-checked.,"DNR 2021, p. 107",outlet,FALSE,,,national,2021-01,2021-02,2000,
CHE,french-speaking,2021,online,20 minutes online,54,che_20min_fr,20min.ch,,"DNR 2021, p. 107",outlet,FALSE,,,national,2021-01,2021-02,2000,
CHE,french-speaking,2021,online,RTS News online,37,che_rts,rts.ch,,"DNR 2021, p. 107",outlet,FALSE,,,national,2021-01,2021-02,2000,
CHE,french-speaking,2021,online,Le Matin (incl. Sunday),24,che_lematin,lematin.ch,,"DNR 2021, p. 107",outlet,FALSE,,,national,2021-01,2021-02,2000,
CHE,french-speaking,2021,online,Bluewin.ch,20,che_bluenews,bluewin.ch,"Swisscom portal. Branded Bluewin, later Blue News; bluenews.ch redirects to bluewin.ch, where the articles live.","DNR 2021, p. 107",aggregator,TRUE,,,national,2021-01,2021-02,2000,
CHE,french-speaking,2021,online,24 heures.ch,19,che_24heures,24heures.ch,,"DNR 2021, p. 107",outlet,FALSE,,,national,2021-01,2021-02,2000,
CHE,french-speaking,2021,online,Teletext online,15,che_teletext,teletext.ch,Republishes agency copy rather than producing original reporting.,"DNR 2021, p. 107",aggregator,TRUE,,,national,2021-01,2021-02,2000,
CHE,french-speaking,2021,online,MSN News,11,usa_msn,msn.com,"Microsoft news portal, foreign-owned.","DNR 2021, p. 107",aggregator,TRUE,,,national,2021-01,2021-02,2000,
CHE,french-speaking,2021,online,Tribune de Genève online,10,che_tdg,tdg.ch,,"DNR 2021, p. 107",outlet,FALSE,,,national,2021-01,2021-02,2000,
CHE,french-speaking,2021,online,Le Temps online,10,che_letemps,letemps.ch,,"DNR 2021, p. 107",outlet,FALSE,,,national,2021-01,2021-02,2000,
CHE,french-speaking,2021,online,Le Nouvelliste online,10,che_nouvelliste,lenouvelliste.ch,,"DNR 2021, p. 107",outlet,FALSE,,,national,2021-01,2021-02,2000,
CHE,french-speaking,2021,online,Yahoo! News,9,usa_yahoo,yahoo.com,"News aggregator, foreign-owned.","DNR 2021, p. 107",aggregator,TRUE,,,national,2021-01,2021-02,2000,
CHE,french-speaking,2021,online,Arcinfo.ch,9,che_arcinfo,arcinfo.ch,UNVERIFIED DOMAIN: not Wayback-checked.,"DNR 2021, p. 107",outlet,FALSE,,,national,2021-01,2021-02,2000,
CHE,german-speaking,2021,offline,SRF News (public broadcaster),66,che_srf,srf.ch,Chart also reports SRF TV News 47% and SRF Radio News 41% separately.,"DNR 2021, p. 107",outlet,FALSE,,,national,2021-01,2021-02,2000,
CHE,german-speaking,2021,offline,20 minuten,44,che_20min_de,20min.ch,,"DNR 2021, p. 107",outlet,FALSE,,,national,2021-01,2021-02,2000,
CHE,german-speaking,2021,offline,German public TV news,25,cat_de_public_tv,,"Aggregate category label in the DNR chart, not an identifiable outlet. No domain.","DNR 2021, p. 107",category,FALSE,,,national,2021-01,2021-02,2000,
CHE,german-speaking,2021,offline,Private TV news,22,cat_commercial_tv,,Aggregate category label for Swiss commercial/private TV news. Wording varies by year ('Other commercial news (e.g. Tele Zuri)' -> 'Other commercial TV' -> 'Private TV news' -> 'Commercial TV news'); treated as one item.,"DNR 2021, p. 107",category,FALSE,,,national,2021-01,2021-02,2000,
CHE,german-speaking,2021,offline,German private TV news,21,cat_de_commercial_tv,,Aggregate category label. DNR alternates 'private' and 'commercial' wording across years for this item.,"DNR 2021, p. 107",category,FALSE,,,national,2021-01,2021-02,2000,
CHE,german-speaking,2021,offline,Blick,18,che_blick,blick.ch,,"DNR 2021, p. 107",outlet,FALSE,,,national,2021-01,2021-02,2000,
CHE,german-speaking,2021,offline,Private radio news,17,cat_commercial_radio,,Aggregate category label. DNR alternates 'private' and 'commercial' wording across years for this item.,"DNR 2021, p. 107",category,FALSE,,,national,2021-01,2021-02,2000,
CHE,german-speaking,2021,offline,Regional/local newspaper,15,cat_regional_local_press,,"Aggregate category label in the DNR chart, not an identifiable outlet. No domain.","DNR 2021, p. 107",category,FALSE,,,national,2021-01,2021-02,2000,
CHE,german-speaking,2021,offline,Tages-Anzeiger,12,che_tagesanzeiger,tagesanzeiger.ch,,"DNR 2021, p. 107",outlet,FALSE,,,national,2021-01,2021-02,2000,
CHE,german-speaking,2021,offline,CNN,9,usa_cnn,cnn.com,Foreign outlet appearing in the Swiss list.,"DNR 2021, p. 107",foreign,FALSE,,,national,2021-01,2021-02,2000,
CHE,german-speaking,2021,offline,BBC News,8,gbr_bbc,bbc.co.uk,Foreign outlet appearing in the Swiss list.,"DNR 2021, p. 107",foreign,FALSE,,,national,2021-01,2021-02,2000,
CHE,german-speaking,2021,offline,SonntagsZeitung,8,che_sonntagszeitung,sonntagszeitung.ch,"sonntagszeitung.ch was a live publishing domain in the early years (73,000+ archived pages); its 2018 archived homepage is titled 'News SonntagsZeitung - tagesanzeiger.ch', i.e. articles were served under Tages-Anzeiger's domain. By 2026 the domain serves an e-paper portal only. TX Group title. UNVERIFIED DOMAIN: which host to fetch articles from per year is unresolved - see domain_evidence_switzerland.tsv.","DNR 2021, p. 107",outlet,FALSE,,,national,2021-01,2021-02,2000,
CHE,german-speaking,2021,online,20 minuten online,49,che_20min_de,20min.ch,,"DNR 2021, p. 107",outlet,FALSE,,,national,2021-01,2021-02,2000,
CHE,german-speaking,2021,online,SRF News online,32,che_srf,srf.ch,,"DNR 2021, p. 107",outlet,FALSE,,,national,2021-01,2021-02,2000,
CHE,german-speaking,2021,online,Blick and Blick am Abend online,27,che_blick,blick.ch,,"DNR 2021, p. 107",outlet,FALSE,,,national,2021-01,2021-02,2000,
CHE,german-speaking,2021,online,Watson,20,che_watson,watson.ch,,"DNR 2021, p. 107",outlet,FALSE,,,national,2021-01,2021-02,2000,
CHE,german-speaking,2021,online,Bluewin News,18,che_bluenews,bluewin.ch,"Swisscom portal. Branded Bluewin, later Blue News; bluenews.ch redirects to bluewin.ch, where the articles live.","DNR 2021, p. 107",aggregator,TRUE,,,national,2021-01,2021-02,2000,
CHE,german-speaking,2021,online,nau.ch,17,che_nau,nau.ch,,"DNR 2021, p. 107",outlet,FALSE,,,national,2021-01,2021-02,2000,
CHE,german-speaking,2021,online,gmx,12,deu_gmx,gmx.ch,Email portal with a news feed. German-owned (United Internet); gmx.ch is the Swiss domain.,"DNR 2021, p. 107",aggregator,TRUE,,,national,2021-01,2021-02,2000,
CHE,german-speaking,2021,online,Tages-Anzeiger online,11,che_tagesanzeiger,tagesanzeiger.ch,,"DNR 2021, p. 107",outlet,FALSE,,,national,2021-01,2021-02,2000,
CHE,german-speaking,2021,online,NZZ online,10,che_nzz,nzz.ch,,"DNR 2021, p. 107",outlet,FALSE,,,national,2021-01,2021-02,2000,
CHE,german-speaking,2021,online,Teletext online,9,che_teletext,teletext.ch,Republishes agency copy rather than producing original reporting.,"DNR 2021, p. 107",aggregator,TRUE,,,national,2021-01,2021-02,2000,
CHE,german-speaking,2021,online,Regional/local newspaper online,9,cat_regional_local_press_online,,"Aggregate category label in the DNR chart, not an identifiable outlet. No domain.","DNR 2021, p. 107",category,FALSE,,,national,2021-01,2021-02,2000,
CHE,german-speaking,2021,online,CNN.com,7,usa_cnn,cnn.com,Foreign outlet appearing in the Swiss list.,"DNR 2021, p. 107",foreign,FALSE,,,national,2021-01,2021-02,2000,
CHE,french-speaking,2020,offline,RTS News (public broadcaster),71,che_rts,rts.ch,,"DNR 2020, p. 84",outlet,FALSE,,,national,2020-01,2020-02,2012,
CHE,french-speaking,2020,offline,20 Minutes,60,che_20min_fr,20min.ch,,"DNR 2020, p. 84",outlet,FALSE,,,national,2020-01,2020-02,2012,
CHE,french-speaking,2020,offline,French private TV news,36,cat_fr_commercial_tv,,Aggregate category label. DNR alternates 'private' and 'commercial' wording across years for this item.,"DNR 2020, p. 84",category,FALSE,,,national,2020-01,2020-02,2012,
CHE,french-speaking,2020,offline,French public TV news,31,cat_fr_public_tv,,"Aggregate category label in the DNR chart, not an identifiable outlet. No domain.","DNR 2020, p. 84",category,FALSE,,,national,2020-01,2020-02,2012,
CHE,french-speaking,2020,offline,24 heures,24,che_24heures,24heures.ch,,"DNR 2020, p. 84",outlet,FALSE,,,national,2020-01,2020-02,2012,
CHE,french-speaking,2020,offline,Private radio news,20,cat_commercial_radio,,Aggregate category label. DNR alternates 'private' and 'commercial' wording across years for this item.,"DNR 2020, p. 84",category,FALSE,,,national,2020-01,2020-02,2012,
CHE,french-speaking,2020,offline,Le Matin Dimanche,19,che_lematindimanche,lematin.ch,UNVERIFIED DOMAIN: lematindimanche.ch serves an e-paper portal only. Recorded lematin.ch as the likely article domain - confirm.,"DNR 2020, p. 84",outlet,FALSE,,,national,2020-01,2020-02,2012,
CHE,french-speaking,2020,offline,Le Temps,14,che_letemps,letemps.ch,,"DNR 2020, p. 84",outlet,FALSE,,,national,2020-01,2020-02,2012,
CHE,french-speaking,2020,offline,Regional or local newspaper,13,cat_regional_local_press,,"Aggregate category label in the DNR chart, not an identifiable outlet. No domain.","DNR 2020, p. 84",category,FALSE,,,national,2020-01,2020-02,2012,
CHE,french-speaking,2020,offline,Tribune de Genève,12,che_tdg,tdg.ch,,"DNR 2020, p. 84",outlet,FALSE,,,national,2020-01,2020-02,2012,
CHE,french-speaking,2020,offline,Private TV news,10,cat_commercial_tv,,Aggregate category label for Swiss commercial/private TV news. Wording varies by year ('Other commercial news (e.g. Tele Zuri)' -> 'Other commercial TV' -> 'Private TV news' -> 'Commercial TV news'); treated as one item.,"DNR 2020, p. 84",category,FALSE,,,national,2020-01,2020-02,2012,
CHE,french-speaking,2020,offline,La Liberté,10,che_laliberte,laliberte.ch,UNVERIFIED DOMAIN: not Wayback-checked.,"DNR 2020, p. 84",outlet,FALSE,,,national,2020-01,2020-02,2012,
CHE,french-speaking,2020,online,20 Minutes online,55,che_20min_fr,20min.ch,,"DNR 2020, p. 84",outlet,FALSE,,,national,2020-01,2020-02,2012,
CHE,french-speaking,2020,online,RTS News online,31,che_rts,rts.ch,,"DNR 2020, p. 84",outlet,FALSE,,,national,2020-01,2020-02,2012,
CHE,french-speaking,2020,online,Le Matin online (incl. Sunday),25,che_lematin,lematin.ch,,"DNR 2020, p. 84",outlet,FALSE,,,national,2020-01,2020-02,2012,
CHE,french-speaking,2020,online,Bluewin.ch,21,che_bluenews,bluewin.ch,"Swisscom portal. Branded Bluewin, later Blue News; bluenews.ch redirects to bluewin.ch, where the articles live.","DNR 2020, p. 84",aggregator,TRUE,,,national,2020-01,2020-02,2012,
CHE,french-speaking,2020,online,24 heures.ch,21,che_24heures,24heures.ch,,"DNR 2020, p. 84",outlet,FALSE,,,national,2020-01,2020-02,2012,
CHE,french-speaking,2020,online,Teletext online,17,che_teletext,teletext.ch,Republishes agency copy rather than producing original reporting.,"DNR 2020, p. 84",aggregator,TRUE,,,national,2020-01,2020-02,2012,
CHE,french-speaking,2020,online,MSN News,11,usa_msn,msn.com,"Microsoft news portal, foreign-owned.","DNR 2020, p. 84",aggregator,TRUE,,,national,2020-01,2020-02,2012,
CHE,french-speaking,2020,online,Yahoo! News,9,usa_yahoo,yahoo.com,"News aggregator, foreign-owned.","DNR 2020, p. 84",aggregator,TRUE,,,national,2020-01,2020-02,2012,
CHE,french-speaking,2020,online,Le Temps online,8,che_letemps,letemps.ch,,"DNR 2020, p. 84",outlet,FALSE,,,national,2020-01,2020-02,2012,
CHE,french-speaking,2020,online,Le Nouvelliste online,8,che_nouvelliste,lenouvelliste.ch,,"DNR 2020, p. 84",outlet,FALSE,,,national,2020-01,2020-02,2012,
CHE,french-speaking,2020,online,Tribune de Genève online,8,che_tdg,tdg.ch,,"DNR 2020, p. 84",outlet,FALSE,,,national,2020-01,2020-02,2012,
CHE,french-speaking,2020,online,Le Monde online,7,fra_lemonde,lemonde.fr,Foreign outlet appearing in the Swiss list.,"DNR 2020, p. 84",foreign,FALSE,,,national,2020-01,2020-02,2012,
CHE,german-speaking,2020,offline,SRF News (public broadcaster),69,che_srf,srf.ch,,"DNR 2020, p. 84",outlet,FALSE,,,national,2020-01,2020-02,2012,
CHE,german-speaking,2020,offline,20 Minuten,53,che_20min_de,20min.ch,,"DNR 2020, p. 84",outlet,FALSE,,,national,2020-01,2020-02,2012,
CHE,german-speaking,2020,offline,German private TV news,25,cat_de_commercial_tv,,Aggregate category label. DNR alternates 'private' and 'commercial' wording across years for this item.,"DNR 2020, p. 84",category,FALSE,,,national,2020-01,2020-02,2012,
CHE,german-speaking,2020,offline,German public TV news,24,cat_de_public_tv,,"Aggregate category label in the DNR chart, not an identifiable outlet. No domain.","DNR 2020, p. 84",category,FALSE,,,national,2020-01,2020-02,2012,
CHE,german-speaking,2020,offline,Private TV news,23,cat_commercial_tv,,Aggregate category label for Swiss commercial/private TV news. Wording varies by year ('Other commercial news (e.g. Tele Zuri)' -> 'Other commercial TV' -> 'Private TV news' -> 'Commercial TV news'); treated as one item.,"DNR 2020, p. 84",category,FALSE,,,national,2020-01,2020-02,2012,
CHE,german-speaking,2020,offline,Blick,22,che_blick,blick.ch,,"DNR 2020, p. 84",outlet,FALSE,,,national,2020-01,2020-02,2012,
CHE,german-speaking,2020,offline,Regional or local newspaper,19,cat_regional_local_press,,"Aggregate category label in the DNR chart, not an identifiable outlet. No domain.","DNR 2020, p. 84",category,FALSE,,,national,2020-01,2020-02,2012,
CHE,german-speaking,2020,offline,Private radio news,18,cat_commercial_radio,,Aggregate category label. DNR alternates 'private' and 'commercial' wording across years for this item.,"DNR 2020, p. 84",category,FALSE,,,national,2020-01,2020-02,2012,
CHE,german-speaking,2020,offline,Tages-Anzeiger,13,che_tagesanzeiger,tagesanzeiger.ch,,"DNR 2020, p. 84",outlet,FALSE,,,national,2020-01,2020-02,2012,
CHE,german-speaking,2020,offline,Sonntagsblick,10,che_sonntagsblick,blick.ch,sonntagsblick.ch redirects to blick.ch; no separate article domain.,"DNR 2020, p. 84",outlet,FALSE,,,national,2020-01,2020-02,2012,
CHE,german-speaking,2020,offline,Luzerner Zeitung,8,che_luzernerzeitung,luzernerzeitung.ch,UNVERIFIED DOMAIN: not Wayback-checked.,"DNR 2020, p. 84",outlet,FALSE,,,national,2020-01,2020-02,2012,
CHE,german-speaking,2020,offline,CNN,8,usa_cnn,cnn.com,Foreign outlet appearing in the Swiss list.,"DNR 2020, p. 84",foreign,FALSE,,,national,2020-01,2020-02,2012,
CHE,german-speaking,2020,online,20 Minuten online,55,che_20min_de,20min.ch,,"DNR 2020, p. 84",outlet,FALSE,,,national,2020-01,2020-02,2012,
CHE,german-speaking,2020,online,Blick and Blick am Abend online,30,che_blick,blick.ch,,"DNR 2020, p. 84",outlet,FALSE,,,national,2020-01,2020-02,2012,
CHE,german-speaking,2020,online,SRF News online,22,che_srf,srf.ch,,"DNR 2020, p. 84",outlet,FALSE,,,national,2020-01,2020-02,2012,
CHE,german-speaking,2020,online,Bluewin News,19,che_bluenews,bluewin.ch,"Swisscom portal. Branded Bluewin, later Blue News; bluenews.ch redirects to bluewin.ch, where the articles live.","DNR 2020, p. 84",aggregator,TRUE,,,national,2020-01,2020-02,2012,
CHE,german-speaking,2020,online,Watson,18,che_watson,watson.ch,,"DNR 2020, p. 84",outlet,FALSE,,,national,2020-01,2020-02,2012,
CHE,german-speaking,2020,online,gmx,13,deu_gmx,gmx.ch,Email portal with a news feed. German-owned (United Internet); gmx.ch is the Swiss domain.,"DNR 2020, p. 84",aggregator,TRUE,,,national,2020-01,2020-02,2012,
CHE,german-speaking,2020,online,Teletext online,13,che_teletext,teletext.ch,Republishes agency copy rather than producing original reporting.,"DNR 2020, p. 84",aggregator,TRUE,,,national,2020-01,2020-02,2012,
CHE,german-speaking,2020,online,Tages-Anzeiger online,11,che_tagesanzeiger,tagesanzeiger.ch,,"DNR 2020, p. 84",outlet,FALSE,,,national,2020-01,2020-02,2012,
CHE,german-speaking,2020,online,nau.ch,10,che_nau,nau.ch,,"DNR 2020, p. 84",outlet,FALSE,,,national,2020-01,2020-02,2012,
CHE,german-speaking,2020,online,NZZ online,10,che_nzz,nzz.ch,,"DNR 2020, p. 84",outlet,FALSE,,,national,2020-01,2020-02,2012,
CHE,german-speaking,2020,online,Regional or local newspaper online,9,cat_regional_local_press_online,,"Aggregate category label in the DNR chart, not an identifiable outlet. No domain.","DNR 2020, p. 84",category,FALSE,,,national,2020-01,2020-02,2012,
CHE,german-speaking,2020,online,MSN News,9,usa_msn,msn.com,"Microsoft news portal, foreign-owned.","DNR 2020, p. 84",aggregator,TRUE,,,national,2020-01,2020-02,2012,
CHE,french-speaking,2019,offline,RTS News (public broadcaster),80,che_rts,rts.ch,,"DNR 2019, p. 113",outlet,FALSE,,,national,2019-01,2019-02,2003,
CHE,french-speaking,2019,offline,20 Minutes,61,che_20min_fr,20min.ch,,"DNR 2019, p. 113",outlet,FALSE,,,national,2019-01,2019-02,2003,
CHE,french-speaking,2019,offline,French private TV news,39,cat_fr_commercial_tv,,Aggregate category label. DNR alternates 'private' and 'commercial' wording across years for this item.,"DNR 2019, p. 113",category,FALSE,,,national,2019-01,2019-02,2003,
CHE,french-speaking,2019,offline,French public TV news,32,cat_fr_public_tv,,"Aggregate category label in the DNR chart, not an identifiable outlet. No domain.","DNR 2019, p. 113",category,FALSE,,,national,2019-01,2019-02,2003,
CHE,french-speaking,2019,offline,24 heures,23,che_24heures,24heures.ch,,"DNR 2019, p. 113",outlet,FALSE,,,national,2019-01,2019-02,2003,
CHE,french-speaking,2019,offline,Le Matin Dimanche,20,che_lematindimanche,lematin.ch,UNVERIFIED DOMAIN: lematindimanche.ch serves an e-paper portal only. Recorded lematin.ch as the likely article domain - confirm.,"DNR 2019, p. 113",outlet,FALSE,,,national,2019-01,2019-02,2003,
CHE,french-speaking,2019,offline,Private radio news,18,cat_commercial_radio,,Aggregate category label. DNR alternates 'private' and 'commercial' wording across years for this item.,"DNR 2019, p. 113",category,FALSE,,,national,2019-01,2019-02,2003,
CHE,french-speaking,2019,offline,Le Temps,14,che_letemps,letemps.ch,,"DNR 2019, p. 113",outlet,FALSE,,,national,2019-01,2019-02,2003,
CHE,french-speaking,2019,offline,Regional or local newspaper,14,cat_regional_local_press,,"Aggregate category label in the DNR chart, not an identifiable outlet. No domain.","DNR 2019, p. 113",category,FALSE,,,national,2019-01,2019-02,2003,
CHE,french-speaking,2019,offline,Tribune de Genève,12,che_tdg,tdg.ch,,"DNR 2019, p. 113",outlet,FALSE,,,national,2019-01,2019-02,2003,
CHE,french-speaking,2019,offline,Commercial TV news,11,cat_commercial_tv,,Aggregate category label for Swiss commercial/private TV news. Wording varies by year ('Other commercial news (e.g. Tele Zuri)' -> 'Other commercial TV' -> 'Private TV news' -> 'Commercial TV news'); treated as one item.,"DNR 2019, p. 113",category,FALSE,,,national,2019-01,2019-02,2003,
CHE,french-speaking,2019,offline,Le Nouvelliste,10,che_nouvelliste,lenouvelliste.ch,,"DNR 2019, p. 113",outlet,FALSE,,,national,2019-01,2019-02,2003,
CHE,french-speaking,2019,online,20 Minutes online,55,che_20min_fr,20min.ch,,"DNR 2019, p. 113",outlet,FALSE,,,national,2019-01,2019-02,2003,
CHE,french-speaking,2019,online,RTS News online,28,che_rts,rts.ch,,"DNR 2019, p. 113",outlet,FALSE,,,national,2019-01,2019-02,2003,
CHE,french-speaking,2019,online,Le Matin online (incl Sunday),28,che_lematin,lematin.ch,,"DNR 2019, p. 113",outlet,FALSE,,,national,2019-01,2019-02,2003,
CHE,french-speaking,2019,online,Bluewin.ch,24,che_bluenews,bluewin.ch,"Swisscom portal. Branded Bluewin, later Blue News; bluenews.ch redirects to bluewin.ch, where the articles live.","DNR 2019, p. 113",aggregator,TRUE,,,national,2019-01,2019-02,2003,
CHE,french-speaking,2019,online,24 heures.ch,20,che_24heures,24heures.ch,,"DNR 2019, p. 113",outlet,FALSE,,,national,2019-01,2019-02,2003,
CHE,french-speaking,2019,online,Teletext online,17,che_teletext,teletext.ch,Republishes agency copy rather than producing original reporting.,"DNR 2019, p. 113",aggregator,TRUE,,,national,2019-01,2019-02,2003,
CHE,french-speaking,2019,online,MSN News,11,usa_msn,msn.com,"Microsoft news portal, foreign-owned.","DNR 2019, p. 113",aggregator,TRUE,,,national,2019-01,2019-02,2003,
CHE,french-speaking,2019,online,Yahoo! News,10,usa_yahoo,yahoo.com,"News aggregator, foreign-owned.","DNR 2019, p. 113",aggregator,TRUE,,,national,2019-01,2019-02,2003,
CHE,french-speaking,2019,online,Tribune de Genève online,10,che_tdg,tdg.ch,,"DNR 2019, p. 113",outlet,FALSE,,,national,2019-01,2019-02,2003,
CHE,french-speaking,2019,online,LeNouvelliste.ch,9,che_nouvelliste,lenouvelliste.ch,,"DNR 2019, p. 113",outlet,FALSE,,,national,2019-01,2019-02,2003,
CHE,french-speaking,2019,online,Le Temps online,9,che_letemps,letemps.ch,,"DNR 2019, p. 113",outlet,FALSE,,,national,2019-01,2019-02,2003,
CHE,french-speaking,2019,online,Le Monde online,8,fra_lemonde,lemonde.fr,Foreign outlet appearing in the Swiss list.,"DNR 2019, p. 113",foreign,FALSE,,,national,2019-01,2019-02,2003,
CHE,german-speaking,2019,offline,SRF News (public broadcaster),67,che_srf,srf.ch,,"DNR 2019, p. 113",outlet,FALSE,,,national,2019-01,2019-02,2003,
CHE,german-speaking,2019,offline,20 Minuten,52,che_20min_de,20min.ch,,"DNR 2019, p. 113",outlet,FALSE,,,national,2019-01,2019-02,2003,
CHE,german-speaking,2019,offline,German public TV news,25,cat_de_public_tv,,"Aggregate category label in the DNR chart, not an identifiable outlet. No domain.","DNR 2019, p. 113",category,FALSE,,,national,2019-01,2019-02,2003,
CHE,german-speaking,2019,offline,Private TV news,24,cat_commercial_tv,,Aggregate category label for Swiss commercial/private TV news. Wording varies by year ('Other commercial news (e.g. Tele Zuri)' -> 'Other commercial TV' -> 'Private TV news' -> 'Commercial TV news'); treated as one item.,"DNR 2019, p. 113",category,FALSE,,,national,2019-01,2019-02,2003,
CHE,german-speaking,2019,offline,German private TV news,24,cat_de_commercial_tv,,Aggregate category label. DNR alternates 'private' and 'commercial' wording across years for this item.,"DNR 2019, p. 113",category,FALSE,,,national,2019-01,2019-02,2003,
CHE,german-speaking,2019,offline,Blick,22,che_blick,blick.ch,,"DNR 2019, p. 113",outlet,FALSE,,,national,2019-01,2019-02,2003,
CHE,german-speaking,2019,offline,Regional or local newspapers,19,cat_regional_local_press,,"Aggregate category label in the DNR chart, not an identifiable outlet. No domain.","DNR 2019, p. 113",category,FALSE,,,national,2019-01,2019-02,2003,
CHE,german-speaking,2019,offline,Private radio news,18,cat_commercial_radio,,Aggregate category label. DNR alternates 'private' and 'commercial' wording across years for this item.,"DNR 2019, p. 113",category,FALSE,,,national,2019-01,2019-02,2003,
CHE,german-speaking,2019,offline,Tages Anzeiger,13,che_tagesanzeiger,tagesanzeiger.ch,,"DNR 2019, p. 113",outlet,FALSE,,,national,2019-01,2019-02,2003,
CHE,german-speaking,2019,offline,SonntagsZeitung,8,che_sonntagszeitung,sonntagszeitung.ch,"sonntagszeitung.ch was a live publishing domain in the early years (73,000+ archived pages); its 2018 archived homepage is titled 'News SonntagsZeitung - tagesanzeiger.ch', i.e. articles were served under Tages-Anzeiger's domain. By 2026 the domain serves an e-paper portal only. TX Group title. UNVERIFIED DOMAIN: which host to fetch articles from per year is unresolved - see domain_evidence_switzerland.tsv.","DNR 2019, p. 113",outlet,FALSE,,,national,2019-01,2019-02,2003,
CHE,german-speaking,2019,offline,Sonntagsblick,7,che_sonntagsblick,blick.ch,sonntagsblick.ch redirects to blick.ch; no separate article domain.,"DNR 2019, p. 113",outlet,FALSE,,,national,2019-01,2019-02,2003,
CHE,german-speaking,2019,offline,CNN,7,usa_cnn,cnn.com,Foreign outlet appearing in the Swiss list.,"DNR 2019, p. 113",foreign,FALSE,,,national,2019-01,2019-02,2003,
CHE,german-speaking,2019,online,20 Minuten online,55,che_20min_de,20min.ch,,"DNR 2019, p. 113",outlet,FALSE,,,national,2019-01,2019-02,2003,
CHE,german-speaking,2019,online,Blick and Blick am Abend online,31,che_blick,blick.ch,,"DNR 2019, p. 113",outlet,FALSE,,,national,2019-01,2019-02,2003,
CHE,german-speaking,2019,online,Bluewin news,22,che_bluenews,bluewin.ch,"Swisscom portal. Branded Bluewin, later Blue News; bluenews.ch redirects to bluewin.ch, where the articles live.","DNR 2019, p. 113",aggregator,TRUE,,,national,2019-01,2019-02,2003,
CHE,german-speaking,2019,online,SRF News online,22,che_srf,srf.ch,,"DNR 2019, p. 113",outlet,FALSE,,,national,2019-01,2019-02,2003,
CHE,german-speaking,2019,online,Watson,16,che_watson,watson.ch,,"DNR 2019, p. 113",outlet,FALSE,,,national,2019-01,2019-02,2003,
CHE,german-speaking,2019,online,gmx,13,deu_gmx,gmx.ch,Email portal with a news feed. German-owned (United Internet); gmx.ch is the Swiss domain.,"DNR 2019, p. 113",aggregator,TRUE,,,national,2019-01,2019-02,2003,
CHE,german-speaking,2019,online,Teletext online,11,che_teletext,teletext.ch,Republishes agency copy rather than producing original reporting.,"DNR 2019, p. 113",aggregator,TRUE,,,national,2019-01,2019-02,2003,
CHE,german-speaking,2019,online,Tages Anzeiger online,11,che_tagesanzeiger,tagesanzeiger.ch,,"DNR 2019, p. 113",outlet,FALSE,,,national,2019-01,2019-02,2003,
CHE,german-speaking,2019,online,MSN News,9,usa_msn,msn.com,"Microsoft news portal, foreign-owned.","DNR 2019, p. 113",aggregator,TRUE,,,national,2019-01,2019-02,2003,
CHE,german-speaking,2019,online,NZZ online,9,che_nzz,nzz.ch,,"DNR 2019, p. 113",outlet,FALSE,,,national,2019-01,2019-02,2003,
CHE,german-speaking,2019,online,Regional/local newspaper websites,8,cat_regional_local_press_online,,"Aggregate category label in the DNR chart, not an identifiable outlet. No domain.","DNR 2019, p. 113",category,FALSE,,,national,2019-01,2019-02,2003,
CHE,german-speaking,2019,online,CNN.com,6,usa_cnn,cnn.com,Foreign outlet appearing in the Swiss list.,"DNR 2019, p. 113",foreign,FALSE,,,national,2019-01,2019-02,2003,
CHE,french-speaking,2018,offline,RTS News (public broadcaster),75,che_rts,rts.ch,DNR 2018 methodology: in Switzerland respondents could only take the survey on a desktop or laptop computer; device-use figures may be affected.,"DNR 2018, p. 107",outlet,FALSE,,,national,2018-01,2018-02,2120,
CHE,french-speaking,2018,offline,20 Minutes,53,che_20min_fr,20min.ch,DNR 2018 methodology: in Switzerland respondents could only take the survey on a desktop or laptop computer; device-use figures may be affected.,"DNR 2018, p. 107",outlet,FALSE,,,national,2018-01,2018-02,2120,
CHE,french-speaking,2018,offline,Le Matin (incl Sunday Edition),37,che_lematin,lematin.ch,DNR 2018 methodology: in Switzerland respondents could only take the survey on a desktop or laptop computer; device-use figures may be affected.,"DNR 2018, p. 107",outlet,FALSE,,,national,2018-01,2018-02,2120,
CHE,french-speaking,2018,offline,French commercial TV news,37,cat_fr_commercial_tv,,Aggregate category label. DNR alternates 'private' and 'commercial' wording across years for this item. DNR 2018 methodology: in Switzerland respondents could only take the survey on a desktop or laptop computer; device-use figures may be affected.,"DNR 2018, p. 107",category,FALSE,,,national,2018-01,2018-02,2120,
CHE,french-speaking,2018,offline,French public TV news,31,cat_fr_public_tv,,"Aggregate category label in the DNR chart, not an identifiable outlet. No domain. DNR 2018 methodology: in Switzerland respondents could only take the survey on a desktop or laptop computer; device-use figures may be affected.","DNR 2018, p. 107",category,FALSE,,,national,2018-01,2018-02,2120,
CHE,french-speaking,2018,offline,24 heures,21,che_24heures,24heures.ch,DNR 2018 methodology: in Switzerland respondents could only take the survey on a desktop or laptop computer; device-use figures may be affected.,"DNR 2018, p. 107",outlet,FALSE,,,national,2018-01,2018-02,2120,
CHE,french-speaking,2018,offline,Commercial radio news,19,cat_commercial_radio,,Aggregate category label. DNR alternates 'private' and 'commercial' wording across years for this item. DNR 2018 methodology: in Switzerland respondents could only take the survey on a desktop or laptop computer; device-use figures may be affected.,"DNR 2018, p. 107",category,FALSE,,,national,2018-01,2018-02,2120,
CHE,french-speaking,2018,offline,Regional or local newspaper,17,cat_regional_local_press,,"Aggregate category label in the DNR chart, not an identifiable outlet. No domain. DNR 2018 methodology: in Switzerland respondents could only take the survey on a desktop or laptop computer; device-use figures may be affected.","DNR 2018, p. 107",category,FALSE,,,national,2018-01,2018-02,2120,
CHE,french-speaking,2018,offline,News of private broadcasters,10,cat_private_broadcasters,,"Aggregate category label in the DNR chart, not an identifiable outlet. No domain. DNR 2018 methodology: in Switzerland respondents could only take the survey on a desktop or laptop computer; device-use figures may be affected.","DNR 2018, p. 107",category,FALSE,,,national,2018-01,2018-02,2120,
CHE,french-speaking,2018,offline,Tribune de Genève,10,che_tdg,tdg.ch,DNR 2018 methodology: in Switzerland respondents could only take the survey on a desktop or laptop computer; device-use figures may be affected.,"DNR 2018, p. 107",outlet,FALSE,,,national,2018-01,2018-02,2120,
CHE,french-speaking,2018,offline,Le Nouvelliste,9,che_nouvelliste,lenouvelliste.ch,DNR 2018 methodology: in Switzerland respondents could only take the survey on a desktop or laptop computer; device-use figures may be affected.,"DNR 2018, p. 107",outlet,FALSE,,,national,2018-01,2018-02,2120,
CHE,french-speaking,2018,offline,BBC News,9,gbr_bbc,bbc.co.uk,Foreign outlet appearing in the Swiss list. DNR 2018 methodology: in Switzerland respondents could only take the survey on a desktop or laptop computer; device-use figures may be affected.,"DNR 2018, p. 107",foreign,FALSE,,,national,2018-01,2018-02,2120,
CHE,french-speaking,2018,online,20 Minutes online,50,che_20min_fr,20min.ch,DNR 2018 methodology: in Switzerland respondents could only take the survey on a desktop or laptop computer; device-use figures may be affected.,"DNR 2018, p. 107",outlet,FALSE,,,national,2018-01,2018-02,2120,
CHE,french-speaking,2018,online,RTS News online,28,che_rts,rts.ch,DNR 2018 methodology: in Switzerland respondents could only take the survey on a desktop or laptop computer; device-use figures may be affected.,"DNR 2018, p. 107",outlet,FALSE,,,national,2018-01,2018-02,2120,
CHE,french-speaking,2018,online,Bluewin news,25,che_bluenews,bluewin.ch,"Swisscom portal. Branded Bluewin, later Blue News; bluenews.ch redirects to bluewin.ch, where the articles live. DNR 2018 methodology: in Switzerland respondents could only take the survey on a desktop or laptop computer; device-use figures may be affected.","DNR 2018, p. 107",aggregator,TRUE,,,national,2018-01,2018-02,2120,
CHE,french-speaking,2018,online,Le Matin Online (incl Sunday),22,che_lematin,lematin.ch,DNR 2018 methodology: in Switzerland respondents could only take the survey on a desktop or laptop computer; device-use figures may be affected.,"DNR 2018, p. 107",outlet,FALSE,,,national,2018-01,2018-02,2120,
CHE,french-speaking,2018,online,24 heures online,19,che_24heures,24heures.ch,DNR 2018 methodology: in Switzerland respondents could only take the survey on a desktop or laptop computer; device-use figures may be affected.,"DNR 2018, p. 107",outlet,FALSE,,,national,2018-01,2018-02,2120,
CHE,french-speaking,2018,online,Teletext online,18,che_teletext,teletext.ch,Republishes agency copy rather than producing original reporting. DNR 2018 methodology: in Switzerland respondents could only take the survey on a desktop or laptop computer; device-use figures may be affected.,"DNR 2018, p. 107",aggregator,TRUE,,,national,2018-01,2018-02,2120,
CHE,french-speaking,2018,online,MSN News,13,usa_msn,msn.com,"Microsoft news portal, foreign-owned. DNR 2018 methodology: in Switzerland respondents could only take the survey on a desktop or laptop computer; device-use figures may be affected.","DNR 2018, p. 107",aggregator,TRUE,,,national,2018-01,2018-02,2120,
CHE,french-speaking,2018,online,Yahoo! News,10,usa_yahoo,yahoo.com,"News aggregator, foreign-owned. DNR 2018 methodology: in Switzerland respondents could only take the survey on a desktop or laptop computer; device-use figures may be affected.","DNR 2018, p. 107",aggregator,TRUE,,,national,2018-01,2018-02,2120,
CHE,french-speaking,2018,online,Tribune de Genève online,9,che_tdg,tdg.ch,DNR 2018 methodology: in Switzerland respondents could only take the survey on a desktop or laptop computer; device-use figures may be affected.,"DNR 2018, p. 107",outlet,FALSE,,,national,2018-01,2018-02,2120,
CHE,french-speaking,2018,online,Le Monde online,9,fra_lemonde,lemonde.fr,Foreign outlet appearing in the Swiss list. DNR 2018 methodology: in Switzerland respondents could only take the survey on a desktop or laptop computer; device-use figures may be affected.,"DNR 2018, p. 107",foreign,FALSE,,,national,2018-01,2018-02,2120,
CHE,french-speaking,2018,online,Le Temps online,8,che_letemps,letemps.ch,DNR 2018 methodology: in Switzerland respondents could only take the survey on a desktop or laptop computer; device-use figures may be affected.,"DNR 2018, p. 107",outlet,FALSE,,,national,2018-01,2018-02,2120,
CHE,french-speaking,2018,online,Regional/local newspaper website,8,cat_regional_local_press_online,,"Aggregate category label in the DNR chart, not an identifiable outlet. No domain. DNR 2018 methodology: in Switzerland respondents could only take the survey on a desktop or laptop computer; device-use figures may be affected.","DNR 2018, p. 107",category,FALSE,,,national,2018-01,2018-02,2120,
CHE,german-speaking,2018,offline,SRF News (public broadcaster),67,che_srf,srf.ch,DNR 2018 methodology: in Switzerland respondents could only take the survey on a desktop or laptop computer; device-use figures may be affected.,"DNR 2018, p. 107",outlet,FALSE,,,national,2018-01,2018-02,2120,
CHE,german-speaking,2018,offline,20 Minuten,49,che_20min_de,20min.ch,DNR 2018 methodology: in Switzerland respondents could only take the survey on a desktop or laptop computer; device-use figures may be affected.,"DNR 2018, p. 107",outlet,FALSE,,,national,2018-01,2018-02,2120,
CHE,german-speaking,2018,offline,Blick (incl. evening and Sunday),33,che_blick,blick.ch,DNR 2018 methodology: in Switzerland respondents could only take the survey on a desktop or laptop computer; device-use figures may be affected.,"DNR 2018, p. 107",outlet,FALSE,,,national,2018-01,2018-02,2120,
CHE,german-speaking,2018,offline,German public TV news,26,cat_de_public_tv,,"Aggregate category label in the DNR chart, not an identifiable outlet. No domain. DNR 2018 methodology: in Switzerland respondents could only take the survey on a desktop or laptop computer; device-use figures may be affected.","DNR 2018, p. 107",category,FALSE,,,national,2018-01,2018-02,2120,
CHE,german-speaking,2018,offline,German commercial TV news,23,cat_de_commercial_tv,,Aggregate category label. DNR alternates 'private' and 'commercial' wording across years for this item. DNR 2018 methodology: in Switzerland respondents could only take the survey on a desktop or laptop computer; device-use figures may be affected.,"DNR 2018, p. 107",category,FALSE,,,national,2018-01,2018-02,2120,
CHE,german-speaking,2018,offline,Regional or local newspapers,19,cat_regional_local_press,,"Aggregate category label in the DNR chart, not an identifiable outlet. No domain. DNR 2018 methodology: in Switzerland respondents could only take the survey on a desktop or laptop computer; device-use figures may be affected.","DNR 2018, p. 107",category,FALSE,,,national,2018-01,2018-02,2120,
CHE,german-speaking,2018,offline,Other commercial TV,19,cat_other_commercial,,Aggregate category label for Swiss commercial/private TV news. Wording varies by year ('Other commercial news (e.g. Tele Zuri)' -> 'Other commercial TV' -> 'Private TV news' -> 'Commercial TV news'); treated as one item. DNR 2018 methodology: in Switzerland respondents could only take the survey on a desktop or laptop computer; device-use figures may be affected.,"DNR 2018, p. 107",category,FALSE,,,national,2018-01,2018-02,2120,
CHE,german-speaking,2018,offline,Private radio news,18,cat_commercial_radio,,Aggregate category label. DNR alternates 'private' and 'commercial' wording across years for this item. DNR 2018 methodology: in Switzerland respondents could only take the survey on a desktop or laptop computer; device-use figures may be affected.,"DNR 2018, p. 107",category,FALSE,,,national,2018-01,2018-02,2120,
CHE,german-speaking,2018,offline,Tages Anzeiger,13,che_tagesanzeiger,tagesanzeiger.ch,DNR 2018 methodology: in Switzerland respondents could only take the survey on a desktop or laptop computer; device-use figures may be affected.,"DNR 2018, p. 107",outlet,FALSE,,,national,2018-01,2018-02,2120,
CHE,german-speaking,2018,offline,CNN,9,usa_cnn,cnn.com,Foreign outlet appearing in the Swiss list. DNR 2018 methodology: in Switzerland respondents could only take the survey on a desktop or laptop computer; device-use figures may be affected.,"DNR 2018, p. 107",foreign,FALSE,,,national,2018-01,2018-02,2120,
CHE,german-speaking,2018,offline,SonntagsZeitung,7,che_sonntagszeitung,sonntagszeitung.ch,"sonntagszeitung.ch was a live publishing domain in the early years (73,000+ archived pages); its 2018 archived homepage is titled 'News SonntagsZeitung - tagesanzeiger.ch', i.e. articles were served under Tages-Anzeiger's domain. By 2026 the domain serves an e-paper portal only. TX Group title. UNVERIFIED DOMAIN: which host to fetch articles from per year is unresolved - see domain_evidence_switzerland.tsv. DNR 2018 methodology: in Switzerland respondents could only take the survey on a desktop or laptop computer; device-use figures may be affected.","DNR 2018, p. 107",outlet,FALSE,,,national,2018-01,2018-02,2120,
CHE,german-speaking,2018,offline,Neue Zürcher Zeitung (NZZ),7,che_nzz,nzz.ch,DNR 2018 methodology: in Switzerland respondents could only take the survey on a desktop or laptop computer; device-use figures may be affected.,"DNR 2018, p. 107",outlet,FALSE,,,national,2018-01,2018-02,2120,
CHE,german-speaking,2018,online,20 Minuten online,48,che_20min_de,20min.ch,DNR 2018 methodology: in Switzerland respondents could only take the survey on a desktop or laptop computer; device-use figures may be affected.,"DNR 2018, p. 107",outlet,FALSE,,,national,2018-01,2018-02,2120,
CHE,german-speaking,2018,online,Blick and Blick am Abend online,32,che_blick,blick.ch,DNR 2018 methodology: in Switzerland respondents could only take the survey on a desktop or laptop computer; device-use figures may be affected.,"DNR 2018, p. 107",outlet,FALSE,,,national,2018-01,2018-02,2120,
CHE,german-speaking,2018,online,SRF News online,23,che_srf,srf.ch,DNR 2018 methodology: in Switzerland respondents could only take the survey on a desktop or laptop computer; device-use figures may be affected.,"DNR 2018, p. 107",outlet,FALSE,,,national,2018-01,2018-02,2120,
CHE,german-speaking,2018,online,Bluewin news,21,che_bluenews,bluewin.ch,"Swisscom portal. Branded Bluewin, later Blue News; bluenews.ch redirects to bluewin.ch, where the articles live. DNR 2018 methodology: in Switzerland respondents could only take the survey on a desktop or laptop computer; device-use figures may be affected.","DNR 2018, p. 107",aggregator,TRUE,,,national,2018-01,2018-02,2120,
CHE,german-speaking,2018,online,Watson,14,che_watson,watson.ch,DNR 2018 methodology: in Switzerland respondents could only take the survey on a desktop or laptop computer; device-use figures may be affected.,"DNR 2018, p. 107",outlet,FALSE,,,national,2018-01,2018-02,2120,
CHE,german-speaking,2018,online,Tages Anzeiger online,13,che_tagesanzeiger,tagesanzeiger.ch,DNR 2018 methodology: in Switzerland respondents could only take the survey on a desktop or laptop computer; device-use figures may be affected.,"DNR 2018, p. 107",outlet,FALSE,,,national,2018-01,2018-02,2120,
CHE,german-speaking,2018,online,Teletext online,12,che_teletext,teletext.ch,Republishes agency copy rather than producing original reporting. DNR 2018 methodology: in Switzerland respondents could only take the survey on a desktop or laptop computer; device-use figures may be affected.,"DNR 2018, p. 107",aggregator,TRUE,,,national,2018-01,2018-02,2120,
CHE,german-speaking,2018,online,gmx,11,deu_gmx,gmx.ch,Email portal with a news feed. German-owned (United Internet); gmx.ch is the Swiss domain. DNR 2018 methodology: in Switzerland respondents could only take the survey on a desktop or laptop computer; device-use figures may be affected.,"DNR 2018, p. 107",aggregator,TRUE,,,national,2018-01,2018-02,2120,
CHE,german-speaking,2018,online,NZZ online,11,che_nzz,nzz.ch,DNR 2018 methodology: in Switzerland respondents could only take the survey on a desktop or laptop computer; device-use figures may be affected.,"DNR 2018, p. 107",outlet,FALSE,,,national,2018-01,2018-02,2120,
CHE,german-speaking,2018,online,Regional/local newspaper websites,9,cat_regional_local_press_online,,"Aggregate category label in the DNR chart, not an identifiable outlet. No domain. DNR 2018 methodology: in Switzerland respondents could only take the survey on a desktop or laptop computer; device-use figures may be affected.","DNR 2018, p. 107",category,FALSE,,,national,2018-01,2018-02,2120,
CHE,german-speaking,2018,online,MSN News,8,usa_msn,msn.com,"Microsoft news portal, foreign-owned. DNR 2018 methodology: in Switzerland respondents could only take the survey on a desktop or laptop computer; device-use figures may be affected.","DNR 2018, p. 107",aggregator,TRUE,,,national,2018-01,2018-02,2120,
CHE,german-speaking,2018,online,Spiegel online,5,deu_spiegel,spiegel.de,Foreign outlet appearing in the Swiss list. DNR 2018 methodology: in Switzerland respondents could only take the survey on a desktop or laptop computer; device-use figures may be affected.,"DNR 2018, p. 107",foreign,FALSE,,,national,2018-01,2018-02,2120,
CHE,french-speaking,2017,offline,"RTS News (eg Le Journal, radio etc)",77,che_rts,rts.ch,,"DNR 2017, p. 97",outlet,FALSE,,,national,2017-01,2017-02,2005,
CHE,french-speaking,2017,offline,20 Minutes,58,che_20min_fr,20min.ch,,"DNR 2017, p. 97",outlet,FALSE,,,national,2017-01,2017-02,2005,
CHE,french-speaking,2017,offline,French commercial TV news (e.g. TF1),45,cat_fr_commercial_tv,,Aggregate category label. DNR alternates 'private' and 'commercial' wording across years for this item.,"DNR 2017, p. 97",category,FALSE,,,national,2017-01,2017-02,2005,
CHE,french-speaking,2017,offline,Le Matin ( incl Sunday Edition),43,che_lematin,lematin.ch,,"DNR 2017, p. 97",outlet,FALSE,,,national,2017-01,2017-02,2005,
CHE,french-speaking,2017,offline,French public TV news,42,cat_fr_public_tv,,"Aggregate category label in the DNR chart, not an identifiable outlet. No domain.","DNR 2017, p. 97",category,FALSE,,,national,2017-01,2017-02,2005,
CHE,french-speaking,2017,offline,24 heures,21,che_24heures,24heures.ch,,"DNR 2017, p. 97",outlet,FALSE,,,national,2017-01,2017-02,2005,
CHE,french-speaking,2017,offline,Commercial radio news,18,cat_commercial_radio,,Aggregate category label. DNR alternates 'private' and 'commercial' wording across years for this item.,"DNR 2017, p. 97",category,FALSE,,,national,2017-01,2017-02,2005,
CHE,french-speaking,2017,offline,Regional or local newspaper,15,cat_regional_local_press,,"Aggregate category label in the DNR chart, not an identifiable outlet. No domain.","DNR 2017, p. 97",category,FALSE,,,national,2017-01,2017-02,2005,
CHE,french-speaking,2017,offline,Tribune de Genève,14,che_tdg,tdg.ch,,"DNR 2017, p. 97",outlet,FALSE,,,national,2017-01,2017-02,2005,
CHE,french-speaking,2017,offline,News of private broadcasters,13,cat_private_broadcasters,,"Aggregate category label in the DNR chart, not an identifiable outlet. No domain.","DNR 2017, p. 97",category,FALSE,,,national,2017-01,2017-02,2005,
CHE,french-speaking,2017,online,20 Minutes online,50,che_20min_fr,20min.ch,,"DNR 2017, p. 97",outlet,FALSE,,,national,2017-01,2017-02,2005,
CHE,french-speaking,2017,online,Le Matin Online (incl Sunday),26,che_lematin,lematin.ch,,"DNR 2017, p. 97",outlet,FALSE,,,national,2017-01,2017-02,2005,
CHE,french-speaking,2017,online,RTS News Online,24,che_rts,rts.ch,,"DNR 2017, p. 97",outlet,FALSE,,,national,2017-01,2017-02,2005,
CHE,french-speaking,2017,online,Bluewin news,24,che_bluenews,bluewin.ch,"Swisscom portal. Branded Bluewin, later Blue News; bluenews.ch redirects to bluewin.ch, where the articles live.","DNR 2017, p. 97",aggregator,TRUE,,,national,2017-01,2017-02,2005,
CHE,french-speaking,2017,online,24 heures online,21,che_24heures,24heures.ch,,"DNR 2017, p. 97",outlet,FALSE,,,national,2017-01,2017-02,2005,
CHE,french-speaking,2017,online,Teletext online,19,che_teletext,teletext.ch,Republishes agency copy rather than producing original reporting.,"DNR 2017, p. 97",aggregator,TRUE,,,national,2017-01,2017-02,2005,
CHE,french-speaking,2017,online,MSN News,13,usa_msn,msn.com,"Microsoft news portal, foreign-owned.","DNR 2017, p. 97",aggregator,TRUE,,,national,2017-01,2017-02,2005,
CHE,french-speaking,2017,online,Yahoo! News,13,usa_yahoo,yahoo.com,"News aggregator, foreign-owned.","DNR 2017, p. 97",aggregator,TRUE,,,national,2017-01,2017-02,2005,
CHE,french-speaking,2017,online,Tribune de Genève Online,12,che_tdg,tdg.ch,,"DNR 2017, p. 97",outlet,FALSE,,,national,2017-01,2017-02,2005,
CHE,french-speaking,2017,online,LeNouvelliste,8,che_nouvelliste,lenouvelliste.ch,,"DNR 2017, p. 97",outlet,FALSE,,,national,2017-01,2017-02,2005,
CHE,german-speaking,2017,offline,"SRF News (including Tagesschau, radio)",70,che_srf,srf.ch,,"DNR 2017, p. 97",outlet,FALSE,,,national,2017-01,2017-02,2005,
CHE,german-speaking,2017,offline,20 Minuten,55,che_20min_de,20min.ch,,"DNR 2017, p. 97",outlet,FALSE,,,national,2017-01,2017-02,2005,
CHE,german-speaking,2017,offline,Blick (incl. evening and Sunday),39,che_blick,blick.ch,,"DNR 2017, p. 97",outlet,FALSE,,,national,2017-01,2017-02,2005,
CHE,german-speaking,2017,offline,German commercial TV news (e.g. RTL),30,cat_de_commercial_tv,,Aggregate category label. DNR alternates 'private' and 'commercial' wording across years for this item.,"DNR 2017, p. 97",category,FALSE,,,national,2017-01,2017-02,2005,
CHE,german-speaking,2017,offline,"German public TV news (e.g. ARD, ZDF)",27,cat_de_public_tv,,"Aggregate category label in the DNR chart, not an identifiable outlet. No domain.","DNR 2017, p. 97",category,FALSE,,,national,2017-01,2017-02,2005,
CHE,german-speaking,2017,offline,Other commercial TV (e.g. Tele Züri),24,cat_other_commercial,,Aggregate category label for Swiss commercial/private TV news. Wording varies by year ('Other commercial news (e.g. Tele Zuri)' -> 'Other commercial TV' -> 'Private TV news' -> 'Commercial TV news'); treated as one item.,"DNR 2017, p. 97",category,FALSE,,,national,2017-01,2017-02,2005,
CHE,german-speaking,2017,offline,Regional or local newspapers,20,cat_regional_local_press,,"Aggregate category label in the DNR chart, not an identifiable outlet. No domain.","DNR 2017, p. 97",category,FALSE,,,national,2017-01,2017-02,2005,
CHE,german-speaking,2017,offline,Private radio news,19,cat_commercial_radio,,Aggregate category label. DNR alternates 'private' and 'commercial' wording across years for this item.,"DNR 2017, p. 97",category,FALSE,,,national,2017-01,2017-02,2005,
CHE,german-speaking,2017,offline,Tages Anzeiger,15,che_tagesanzeiger,tagesanzeiger.ch,,"DNR 2017, p. 97",outlet,FALSE,,,national,2017-01,2017-02,2005,
CHE,german-speaking,2017,offline,NZZ (Neue Zürcher Zeitung),13,che_nzz,nzz.ch,,"DNR 2017, p. 97",outlet,FALSE,,,national,2017-01,2017-02,2005,
CHE,german-speaking,2017,online,20 Minuten online,52,che_20min_de,20min.ch,,"DNR 2017, p. 97",outlet,FALSE,,,national,2017-01,2017-02,2005,
CHE,german-speaking,2017,online,Blick and Blick am Abend online,35,che_blick,blick.ch,,"DNR 2017, p. 97",outlet,FALSE,,,national,2017-01,2017-02,2005,
CHE,german-speaking,2017,online,SRF News Online,23,che_srf,srf.ch,,"DNR 2017, p. 97",outlet,FALSE,,,national,2017-01,2017-02,2005,
CHE,german-speaking,2017,online,Bluewin news,22,che_bluenews,bluewin.ch,"Swisscom portal. Branded Bluewin, later Blue News; bluenews.ch redirects to bluewin.ch, where the articles live.","DNR 2017, p. 97",aggregator,TRUE,,,national,2017-01,2017-02,2005,
CHE,german-speaking,2017,online,Tages Anzeiger online,13,che_tagesanzeiger,tagesanzeiger.ch,,"DNR 2017, p. 97",outlet,FALSE,,,national,2017-01,2017-02,2005,
CHE,german-speaking,2017,online,Teletext online,12,che_teletext,teletext.ch,Republishes agency copy rather than producing original reporting.,"DNR 2017, p. 97",aggregator,TRUE,,,national,2017-01,2017-02,2005,
CHE,german-speaking,2017,online,Blick am Abend online,11,che_blickamabend,blickamabend.ch,"UNVERIFIED DOMAIN: Blick am Abend was a separate free title, discontinued 2018; domain not Wayback-checked.","DNR 2017, p. 97",outlet,FALSE,,,national,2017-01,2017-02,2005,
CHE,german-speaking,2017,online,gmx,11,deu_gmx,gmx.ch,Email portal with a news feed. German-owned (United Internet); gmx.ch is the Swiss domain.,"DNR 2017, p. 97",aggregator,TRUE,,,national,2017-01,2017-02,2005,
CHE,german-speaking,2017,online,Watson,11,che_watson,watson.ch,,"DNR 2017, p. 97",outlet,FALSE,,,national,2017-01,2017-02,2005,
CHE,german-speaking,2017,online,NZZ online,9,che_nzz,nzz.ch,,"DNR 2017, p. 97",outlet,FALSE,,,national,2017-01,2017-02,2005,
CHE,french-speaking,2016,offline,"RTS News (e.g. Le Journa, radio, etc)",75,che_rts,rts.ch,,"DNR 2016, p. 61",outlet,FALSE,,,national,2016-01,2016-02,2004,x
CHE,french-speaking,2016,offline,20 Minutes,55,che_20min_fr,20min.ch,,"DNR 2016, p. 61",outlet,FALSE,,,national,2016-01,2016-02,2004,x
CHE,french-speaking,2016,offline,Le Matin (inc. Sunday edition),46,che_lematin,lematin.ch,,"DNR 2016, p. 61",outlet,FALSE,,,national,2016-01,2016-02,2004,x
CHE,french-speaking,2016,offline,French commercial TV news (e.g. TF1),38,cat_fr_commercial_tv,,Aggregate category label. DNR alternates 'private' and 'commercial' wording across years for this item.,"DNR 2016, p. 61",category,FALSE,,,national,2016-01,2016-02,2004,x
CHE,french-speaking,2016,offline,French public TV news,36,cat_fr_public_tv,,"Aggregate category label in the DNR chart, not an identifiable outlet. No domain.","DNR 2016, p. 61",category,FALSE,,,national,2016-01,2016-02,2004,x
CHE,french-speaking,2016,offline,24 heures,24,che_24heures,24heures.ch,,"DNR 2016, p. 61",outlet,FALSE,,,national,2016-01,2016-02,2004,x
CHE,french-speaking,2016,offline,Commercial radio news,19,cat_commercial_radio,,Aggregate category label. DNR alternates 'private' and 'commercial' wording across years for this item.,"DNR 2016, p. 61",category,FALSE,,,national,2016-01,2016-02,2004,x
CHE,french-speaking,2016,offline,A regional or local newspaper,17,cat_regional_local_press,,"Aggregate category label in the DNR chart, not an identifiable outlet. No domain.","DNR 2016, p. 61",category,FALSE,,,national,2016-01,2016-02,2004,x
CHE,french-speaking,2016,online,20 Minutes online,59,che_20min_fr,20min.ch,"2016 French edition served at 20min.ch/ro/ (Romandie); German at the root (human check, 15 Sep 2026) - see open question 10.","DNR 2016, p. 61",outlet,FALSE,,,national,2016-01,2016-02,2004,x
CHE,french-speaking,2016,online,Le Matin online,35,che_lematin,lematin.ch,,"DNR 2016, p. 61",outlet,FALSE,,,national,2016-01,2016-02,2004,x
CHE,french-speaking,2016,online,RTS News online,34,che_rts,rts.ch,,"DNR 2016, p. 61",outlet,FALSE,,,national,2016-01,2016-02,2004,x
CHE,french-speaking,2016,online,24 heures online,29,che_24heures,24heures.ch,,"DNR 2016, p. 61",outlet,FALSE,,,national,2016-01,2016-02,2004,x
CHE,french-speaking,2016,online,Teletext.ch,25,che_teletext,teletext.ch,Republishes agency copy rather than producing original reporting.,"DNR 2016, p. 61",aggregator,TRUE,,,national,2016-01,2016-02,2004,x
CHE,french-speaking,2016,online,Bluewin news,23,che_bluenews,bluewin.ch,"Swisscom portal. Branded Bluewin, later Blue News; bluenews.ch redirects to bluewin.ch, where the articles live. 2016 French edition served at bluewin.ch/fr/index.html, German at /de/ (human check, 15 Sep 2026) - see open question 10.","DNR 2016, p. 61",aggregator,TRUE,,,national,2016-01,2016-02,2004,x
CHE,french-speaking,2016,online,Tribune de Genève online,16,che_tdg,tdg.ch,,"DNR 2016, p. 61",outlet,FALSE,,,national,2016-01,2016-02,2004,x
CHE,french-speaking,2016,online,Yahoo News,13,usa_yahoo,yahoo.com,"News aggregator, foreign-owned.","DNR 2016, p. 61",aggregator,TRUE,,,national,2016-01,2016-02,2004,x
CHE,german-speaking,2016,offline,"SRF News (incl. Tagesschau, radio, etc.)",70,che_srf,srf.ch,,"DNR 2016, p. 61",outlet,FALSE,,,national,2016-01,2016-02,2004,x
CHE,german-speaking,2016,offline,20 Minuten,50,che_20min_de,20min.ch,,"DNR 2016, p. 61",outlet,FALSE,,,national,2016-01,2016-02,2004,x
CHE,german-speaking,2016,offline,Blick (inc. evening and Sunday editions),38,che_blick,blick.ch,,"DNR 2016, p. 61",outlet,FALSE,,,national,2016-01,2016-02,2004,x
CHE,german-speaking,2016,offline,German commercial TV news (e.g. RTL),28,cat_de_commercial_tv,,Aggregate category label. DNR alternates 'private' and 'commercial' wording across years for this item.,"DNR 2016, p. 61",category,FALSE,,,national,2016-01,2016-02,2004,x
CHE,german-speaking,2016,offline,German public TV news (e.g. ARD),26,cat_de_public_tv,,"Aggregate category label in the DNR chart, not an identifiable outlet. No domain.","DNR 2016, p. 61",category,FALSE,,,national,2016-01,2016-02,2004,x
CHE,german-speaking,2016,offline,Other commercial news (e.g. Tele Züri),23,cat_other_commercial,,Aggregate category label for Swiss commercial/private TV news. Wording varies by year ('Other commercial news (e.g. Tele Zuri)' -> 'Other commercial TV' -> 'Private TV news' -> 'Commercial TV news'); treated as one item.,"DNR 2016, p. 61",category,FALSE,,,national,2016-01,2016-02,2004,x
CHE,german-speaking,2016,offline,A regional or local newspaper,19,cat_regional_local_press,,"Aggregate category label in the DNR chart, not an identifiable outlet. No domain.","DNR 2016, p. 61",category,FALSE,,,national,2016-01,2016-02,2004,x
CHE,german-speaking,2016,offline,Tages Anzeiger,15,che_tagesanzeiger,tagesanzeiger.ch,,"DNR 2016, p. 61",outlet,FALSE,,,national,2016-01,2016-02,2004,x
CHE,german-speaking,2016,online,20 Minuten online,59,che_20min_de,20min.ch,,"DNR 2016, p. 61",outlet,FALSE,,,national,2016-01,2016-02,2004,x
CHE,german-speaking,2016,online,Blick and Blick am Abend online,35,che_blick,blick.ch,,"DNR 2016, p. 61",outlet,FALSE,,,national,2016-01,2016-02,2004,x
CHE,german-speaking,2016,online,SRF News Online,31,che_srf,srf.ch,,"DNR 2016, p. 61",outlet,FALSE,,,national,2016-01,2016-02,2004,x
CHE,german-speaking,2016,online,Bluewin news,25,che_bluenews,bluewin.ch,"Swisscom portal. Branded Bluewin, later Blue News; bluenews.ch redirects to bluewin.ch, where the articles live. 2016 German edition served at bluewin.ch/de/index.html, French at /fr/ (human check, 15 Sep 2026) - see open question 10.","DNR 2016, p. 61",aggregator,TRUE,,,national,2016-01,2016-02,2004,x
CHE,german-speaking,2016,online,Tages Anzeiger online,18,che_tagesanzeiger,tagesanzeiger.ch,,"DNR 2016, p. 61",outlet,FALSE,,,national,2016-01,2016-02,2004,x
CHE,german-speaking,2016,online,Teletext.ch,16,che_teletext,teletext.ch,Republishes agency copy rather than producing original reporting.,"DNR 2016, p. 61",aggregator,TRUE,,,national,2016-01,2016-02,2004,x
CHE,german-speaking,2016,online,Websites of a regional or local newspaper,14,cat_regional_local_press_online,,"Aggregate category label in the DNR chart, not an identifiable outlet. No domain.","DNR 2016, p. 61",category,FALSE,,,national,2016-01,2016-02,2004,x
CHE,german-speaking,2016,online,NZZ online,12,che_nzz,nzz.ch,,"DNR 2016, p. 61",outlet,FALSE,,,national,2016-01,2016-02,2004,x
